Date,values
2003-10-02,1465.1000000000001
2003-10-03,1465.1000000000001
2003-10-04,1465.1000000000001
2003-10-05,1465.1000000000001
2003-10-08,1465.1000000000001
2003-10-11,1465.1000000000001
2003-10-15,1465.1000000000001
2003-10-16,1465.1000000000001
2003-10-17,1465.1000000000001
2003-10-18,1465.1000000000001
2003-10-19,1465.1000000000001
2003-10-22,1465.1000000000001
2003-10-23,1465.1000000000001
2003-10-24,1465.1000000000001
2003-10-25,1465.1000000000001
2003-10-26,1465.1000000000001
2003-10-29,1465.1000000000001
2003-10-30,1465.1000000000001
2003-10-31,1465.1000000000001
2003-11-01,1465.1000000000001
2003-11-02,1465.1000000000001
2003-11-05,1465.1000000000001
2003-11-06,1466.5651
2003-11-07,1539.8201000000001
2003-11-08,1616.0052999999996
2003-11-09,1611.6100000000001
2003-11-12,1586.7032999999994
2003-11-13,1555.9361999999999
2003-11-14,1522.2388999999998
2003-11-15,1538.355
2003-11-16,1538.355
2003-11-19,1580.8428999999999
2003-11-20,1604.2845
2003-11-22,1611.6100000000001
2003-11-23,1611.6100000000001
2003-11-26,1613.0751000000002
2003-11-27,1596.959
2003-11-28,1605.7496
2003-11-30,1640.912
2003-12-03,1684.865
2003-12-04,1743.469
2003-12-05,1758.1200000000001
2003-12-06,1721.4925
2003-12-07,1684.865
2003-12-10,1655.563
2003-12-11,1684.865
2003-12-14,1684.865
2003-12-17,1684.865
2003-12-19,1684.865
2003-12-20,1679.0046000000002
2003-12-21,1668.7488999999998
2003-12-24,1676.0744
2003-12-25,1655.563
2003-12-26,1655.563
2003-12-27,1655.563
2003-12-28,1655.563
2003-12-31,1652.6327999999994
2004-01-01,1667.2837999999995
2004-01-02,1640.912
2004-01-03,1655.563
2004-01-04,1651.1677
2004-01-07,1699.516
2004-01-08,1699.516
2004-01-09,1717.0972
2004-01-10,1756.6549
2004-01-11,1758.1200000000001
2004-01-14,1780.0965
2004-01-15,1772.771
2004-01-16,1785.9569
2004-01-17,1743.469
2004-01-18,1755.1897999999994
2004-01-21,1755.1897999999994
2004-01-22,1750.7945
2004-01-23,1752.2596
2004-01-24,1750.7945
2004-01-25,1743.469
2004-01-28,1743.469
2004-01-29,1746.3992
2004-01-30,1742.0039
2004-01-31,1742.0039
2004-02-01,1725.8877999999995
2004-02-04,1684.865
2004-02-05,1680.4696999999999
2004-02-06,1758.1200000000001
2004-02-07,1740.5387999999996
2004-02-08,1715.6321
2004-02-11,1739.0737
2004-02-12,1700.9811000000002
2004-02-13,1714.167
2004-02-14,1772.771
2004-02-15,1771.3058999999998
2004-02-18,1859.2119
2004-02-19,1846.026
2004-02-20,1938.3272999999995
2004-02-21,1994.0011000000002
2004-02-22,2054.0702
2004-02-25,2024.7682
2004-02-26,1976.4198999999999
2004-02-27,2051.14
2004-02-28,2051.14
2004-02-29,2049.6749
2004-03-03,2065.7909999999997
2004-03-04,2064.3259
2004-03-05,2048.2097999999996
2004-03-06,2007.1869999999997
2004-03-07,2007.1869999999997
2004-03-10,2005.7219
2004-03-11,1992.5359999999998
2004-03-12,1963.2339999999997
2004-03-13,1933.9319999999998
2004-03-14,1970.5594999999998
2004-03-17,1894.3742999999995
2004-03-18,1860.6770000000001
2004-03-19,1948.5829999999999
2004-03-20,1909.0252999999996
2004-03-21,1875.328
2004-03-24,1816.724
2004-03-25,1758.1200000000001
2004-03-26,1670.214
2004-03-27,1690.7253999999998
2004-03-28,1774.2361
2004-03-31,1862.1421000000003
2004-04-01,1903.1649
2004-04-02,1851.8863999999999
2004-04-03,1868.0025
2004-04-04,1859.2119
2004-04-07,1850.4212999999995
2004-04-08,1889.9789999999998
2004-04-10,1848.9562
2004-04-11,1846.026
2004-04-14,1831.375
2004-04-15,1816.724
2004-04-16,1790.3522
2004-04-17,1742.0039
2004-04-18,1730.2831
2004-04-21,1790.3522
2004-04-22,1831.375
2004-04-24,1889.9789999999998
2004-04-25,1846.026
2004-04-28,1875.328
2004-04-29,1917.8158999999998
2004-04-30,1904.6299999999997
2004-05-01,1900.2347
2004-05-02,1876.7931
2004-05-05,1875.328
2004-05-06,1870.9327
2004-05-07,1882.6534999999997
2004-05-08,1901.6997999999994
2004-05-09,1904.6299999999997
2004-05-12,1904.6299999999997
2004-05-13,1904.6299999999997
2004-05-14,1977.8849999999998
2004-05-15,1920.7461
2004-05-16,1966.1642
2004-05-19,1936.8622
2004-05-20,1935.3971000000001
2004-05-21,1889.9789999999998
2004-05-22,1904.6299999999997
2004-05-23,1894.3742999999995
2004-05-26,1882.6534999999997
2004-05-27,1876.7931
2004-05-28,1878.2582
2004-05-29,1904.6299999999997
2004-05-30,1900.2347
2004-06-02,1887.0487999999996
2004-06-03,1898.7696
2004-06-04,1889.9789999999998
2004-06-05,1875.328
2004-06-06,1878.2582
2004-06-09,1948.5829999999999
2004-06-10,1945.6527999999996
2004-06-11,1952.9782999999995
2004-06-12,1948.5829999999999
2004-06-13,1933.9319999999998
2004-06-16,1913.4206000000001
2004-06-17,1944.1877
2004-06-18,1976.4198999999999
2004-06-19,2021.8379999999997
2004-06-20,2001.3266
2004-06-23,1977.8849999999998
2004-06-25,1977.8849999999998
2004-06-26,1977.8849999999998
2004-06-27,1983.7454
2004-06-30,2004.2567999999994
2004-07-01,2014.5124999999998
2004-07-02,2029.1634999999997
2004-07-03,2027.6984
2004-07-04,2051.14
2004-07-07,2051.14
2004-07-08,1979.3501
2004-07-09,1982.2802999999994
2004-07-10,1970.5594999999998
2004-07-11,1945.6527999999996
2004-07-14,1933.9319999999998
2004-07-15,1933.9319999999998
2004-07-16,1933.9319999999998
2004-07-17,1982.2802999999994
2004-07-21,2036.4889999999998
2004-07-22,2033.5587999999996
2004-07-23,2027.6984
2004-08-26,1903.1649
2004-08-27,1911.9554999999998
2004-08-28,1933.9319999999998
2004-08-29,1977.8849999999998
2004-09-02,2029.1634999999997
2004-09-03,2051.14
2004-09-04,2051.14
2004-09-05,2021.8379999999997
2004-09-08,1966.1642
2004-09-10,1966.1642
2004-09-11,1948.5829999999999
2004-09-12,1944.1877
2004-09-15,1932.4669
2004-09-16,1945.6527999999996
2004-09-17,1979.3501
2004-09-18,2008.6521000000002
2004-09-19,2023.3031
2004-09-22,2043.8144999999997
2004-09-23,2049.6749
2004-09-24,2032.0937
2004-09-25,2024.7682
2004-10-02,2026.2332999999994
2004-10-03,2024.7682
2004-10-06,2027.6984
2004-10-07,2027.6984
2004-10-10,2026.2332999999994
2004-10-13,2080.4419999999996
2004-10-14,2051.14
2004-10-15,2054.0702
2004-10-16,2051.14
2004-10-17,2021.8379999999997
2004-10-20,2051.14
2004-10-21,2095.093
2004-10-22,2095.093
2004-10-23,2196.1848999999997
2004-10-24,2197.6499999999996
2004-10-27,2197.6499999999996
2004-10-28,2197.6499999999996
2004-10-29,2270.9049999999997
2004-10-30,2383.7177
2004-10-31,2391.0432
2004-11-03,2388.113
2004-11-04,2371.9969
2004-11-05,2344.16
2004-11-06,2333.9043
2004-11-07,2306.0674
2004-11-10,2282.6257999999993
2004-11-11,2267.9747999999995
2004-11-12,2162.4876
2004-11-13,2197.6499999999996
2004-11-14,2197.6499999999996
2004-11-18,2191.7896
2004-11-20,2182.999
2004-11-21,2212.301
2004-11-24,2212.301
2004-11-25,2213.7661000000003
2004-11-26,2256.254
2004-11-27,2363.2063000000003
2004-11-28,2339.7647
2004-12-01,2300.207
2004-12-02,2300.207
2004-12-03,2300.207
2004-12-04,2303.1372
2004-12-05,2336.8345
2004-12-08,2341.2298
2004-12-09,2333.9043
2004-12-10,2329.509
2004-12-15,2322.1835
2004-12-16,2313.3929
2004-12-17,2300.207
2004-12-18,2285.5559999999996
2004-12-19,2285.5559999999996
2004-12-22,2270.9049999999997
2004-12-23,2257.7191000000003
2004-12-24,2248.9284999999995
2004-12-25,2244.5332
2004-12-26,2207.9057
2004-12-29,2197.6499999999996
2004-12-30,2234.2774999999997
2004-12-31,2182.999
2005-01-01,2197.6499999999996
2005-01-02,2185.9292
2005-01-05,2139.046
2005-01-06,2095.093
2005-01-07,2163.9527
2005-01-08,2212.301
2005-01-09,2226.9519999999998
2005-01-12,2241.6029999999996
2005-01-13,2256.254
2005-01-14,2285.5559999999996
2005-01-15,2344.16
2005-01-16,2307.5325000000003
2005-01-19,2270.9049999999997
2005-01-20,2270.9049999999997
2005-01-21,2238.6727999999994
2005-01-22,2241.6029999999996
2005-01-23,2197.6499999999996
2005-01-26,2197.6499999999996
2005-01-27,2158.0922999999993
2005-01-28,2099.4882999999995
2005-01-29,2153.6969999999997
2005-01-30,2174.2084
2005-02-02,2197.6499999999996
2005-02-03,2196.1848999999997
2005-02-04,2196.1848999999997
2005-02-05,2212.301
2005-02-06,2197.6499999999996
2005-02-09,2197.6499999999996
2005-02-10,2278.2304999999997
2005-02-19,2278.2304999999997
2005-02-20,2194.7197999999994
2005-02-23,2194.7197999999994
2005-02-24,2196.1848999999997
2005-02-25,2197.6499999999996
2005-02-26,2197.6499999999996
2005-02-27,2197.6499999999996
2005-03-02,2194.7197999999994
2005-03-03,2200.5802
2005-03-04,2197.6499999999996
2005-03-05,2202.0452999999993
2005-03-06,2196.1848999999997
2005-03-09,2200.5802
2005-03-10,2200.5802
2005-03-11,2197.6499999999996
2005-03-12,2197.6499999999996
2005-03-13,2194.7197999999994
2005-03-16,2163.9527
2005-03-17,2149.3017
2005-04-01,1977.8849999999998
2005-04-02,1933.9319999999998
2005-04-03,1904.6299999999997
2005-04-06,1904.6299999999997
2005-04-07,1904.6299999999997
2005-04-08,1904.6299999999997
2005-04-09,1904.6299999999997
2005-04-10,1904.6299999999997
2005-04-14,1904.6299999999997
2005-04-15,1906.0951000000002
2005-04-16,1904.6299999999997
2005-04-17,1904.6299999999997
2005-04-20,1904.6299999999997
2005-04-21,1904.6299999999997
2005-04-22,1904.6299999999997
2005-04-23,1904.6299999999997
2005-04-24,1904.6299999999997
2005-04-27,1900.2347
2005-04-28,1904.6299999999997
2005-04-29,1901.6997999999994
2005-05-01,1904.6299999999997
2005-05-04,1904.6299999999997
2005-05-05,1904.6299999999997
2005-05-06,1900.2347
2005-05-07,1897.3044999999997
2005-05-08,1892.9092
2005-05-11,1894.3742999999995
2005-05-12,1881.1884
2005-05-13,1873.8628999999999
2005-05-14,1831.375
2005-05-15,1831.375
2005-05-18,1919.2809999999997
2005-05-19,1919.2809999999997
2005-05-20,1925.1414
2005-05-21,1936.8622
2005-05-22,1944.1877
2005-05-25,1944.1877
2005-05-26,1977.8849999999998
2005-05-27,2021.8379999999997
2005-05-28,2027.6984
2005-05-29,2051.14
2005-06-01,2029.1634999999997
2005-06-02,2026.2332999999994
2005-06-03,2007.1869999999997
2005-06-04,1941.2574999999997
2005-06-08,1942.7226
2005-06-09,1948.5829999999999
2005-06-10,1963.2339999999997
2005-06-11,1996.9312999999995
2005-06-12,2051.14
2005-06-15,2078.9769
2005-06-16,2065.7909999999997
2005-06-17,2021.8379999999997
2005-06-18,2023.3031
2005-06-19,2026.2332999999994
2005-06-22,2036.4889999999998
2005-06-23,2080.4419999999996
2005-06-24,2043.8144999999997
2005-06-25,2124.3949999999995
2005-06-26,2180.0687999999996
2005-06-29,2182.999
2005-06-30,2200.5802
2005-07-01,2225.4869
2005-07-02,2235.7426
2005-07-03,2344.16
2005-07-06,2348.5553
2005-07-07,2358.811
2005-07-09,2388.113
2005-07-10,2446.717
2005-07-13,2445.2518999999998
2005-07-14,2439.3915
2005-07-15,2357.3459
2005-07-16,2427.6707
2005-07-17,2465.7633
2005-07-20,2467.2284
2005-07-21,2540.4834
2005-07-22,2577.1109
2005-07-23,2625.4592000000002
2005-08-19,2168.348
2005-08-24,2276.7653999999998
2005-08-25,2300.207
2005-08-26,2414.4848
2005-08-27,2534.623
2005-08-28,2660.6216
2005-08-31,2792.4806000000003
2005-09-01,2792.4806000000003
2005-09-02,2720.6907
2005-09-03,2637.18
2005-09-04,2635.7149
2005-09-07,2607.878
2005-09-08,2612.2733
2005-09-09,2597.6223
2005-09-10,2604.9478
2005-09-11,2577.1109
2005-09-14,2571.2505
2005-09-15,2572.7156
2005-09-16,2588.8317
2005-09-17,2638.6451
2005-09-18,2607.878
2005-09-21,2563.925
2005-09-22,2563.925
2005-09-23,2578.576
2005-09-24,2581.5062
2005-09-25,2582.9713
2005-10-05,2593.227
2005-10-06,2591.7619
2005-10-07,2559.5297
2005-10-12,2512.6465
2005-10-13,2553.6693
2005-10-14,2553.6693
2005-10-15,2550.7391000000002
2005-10-16,2549.274
2005-10-19,2490.67
2005-10-20,2549.274
2005-10-21,2552.2042
2005-10-22,2486.2747
2005-10-23,2446.717
2005-10-26,2530.2277
2005-10-27,2506.7861000000003
2005-10-28,2505.321
2005-10-29,2629.8545
2005-11-02,2760.2484
2005-11-03,2783.69
2005-11-04,2783.69
2005-11-05,2798.341
2005-11-06,2805.6665000000003
2005-11-09,2812.992
2005-11-10,2829.1081000000004
2005-11-11,2856.945
2005-11-12,2861.3403
2005-11-13,2900.898
2005-11-16,2938.9906
2005-11-17,3047.408
2005-11-18,3107.4771
2005-11-19,3169.0112999999997
2005-11-20,3327.2421000000004
2005-11-23,3492.7984
2005-11-24,3545.542
2005-11-26,3722.8191
2005-11-27,3809.2599999999993
2005-11-30,3803.3996
2005-12-01,3850.2828
2005-12-02,3958.7002
2005-12-03,3955.7699999999995
2005-12-04,3955.7699999999995
2005-12-07,4153.558499999999
2006-01-04,3662.75
2006-01-05,3743.3305
2006-01-06,3838.5619999999994
2006-01-07,4030.4901
2006-01-08,4223.8832999999995
2006-01-11,4434.8577000000005
2006-01-12,4500.787200000001
2006-01-13,4512.508
2006-01-14,4527.159
2006-01-15,4395.299999999999
2006-01-18,4232.6739
2006-01-19,4021.6994999999993
2006-01-20,3973.3512000000005
2006-01-21,4023.1646
2006-01-22,3886.9103
2006-01-25,3955.7699999999995
2006-01-26,4102.28
2006-01-27,4027.5598999999997
2006-01-28,3878.1197
2006-01-29,4021.6994999999993
2006-02-01,4021.6994999999993
2006-02-02,4102.28
2006-02-03,4086.1639
2006-02-04,4075.9082000000003
2006-02-05,4071.5129
2006-02-09,4072.9779999999996
2006-02-10,4070.0478
2006-02-11,4070.0478
2006-02-12,4033.4202999999998
2006-02-15,4042.2109
2006-02-16,4043.6759999999995
2006-02-17,3955.7699999999995
2006-02-18,4059.7921
2006-02-19,4068.5827000000004
2006-02-22,4068.5827000000004
2006-02-23,4068.5827000000004
2006-02-24,4068.5827000000004
2006-02-25,4068.5827000000004
2006-02-26,4068.5827000000004
2006-03-01,4068.5827000000004
2006-03-02,4155.0236
2006-03-03,4155.0236
2006-03-04,4155.0236
2006-03-05,4155.0236
2006-03-08,4111.0706
2006-03-09,4105.2102
2006-03-10,4105.2102
2006-03-11,4105.2102
2006-03-12,4105.2102
2006-03-15,4103.7451
2006-03-16,4097.8847000000005
2006-03-17,4102.28
2006-03-18,4102.28
2006-03-22,4081.7686000000003
2006-03-23,4081.7686000000003
2006-03-24,4081.7686000000003
2006-03-25,4089.0941000000003
2006-03-26,4094.9544999999994
2006-03-29,4124.2564999999995
2006-03-30,4116.931
2006-03-31,4116.931
2006-04-01,4116.931
2006-04-05,4115.4659
2006-04-06,4114.0008
2006-04-08,4172.6048
2006-04-09,4188.7209
2006-04-12,4241.464499999999
2006-04-13,4294.2081
2006-04-14,4344.0215
2006-04-15,4399.695299999999
2006-04-16,4588.693200000001
2006-04-19,4814.3186000000005
2006-04-21,5054.595
2006-04-22,5116.1292
2006-04-23,4934.4568
2006-04-26,4831.8998
2006-04-27,4685.3898
2006-04-28,4686.8549
2006-04-29,4748.3891
2006-04-30,4894.8991000000005
2006-05-03,4941.7823
2006-05-04,5012.1071
2006-05-05,5127.85
2006-05-06,5121.9896
2006-05-07,5139.5707999999995
2006-05-10,5180.5936
2006-05-11,5204.0352
2006-05-12,5173.2681
2006-05-13,5271.4298
2006-05-14,5274.36
2006-05-17,5265.5693999999985
2006-05-18,5376.917
2006-05-19,5382.777399999998
2006-05-20,5387.172699999998
2006-05-21,5412.079399999998
2006-05-24,5454.5673
2006-05-26,5453.102199999998
2006-05-27,5453.102199999998
2006-05-28,5453.102199999998
2006-05-31,5463.357899999998
2006-06-01,5467.753199999998
2006-06-02,5482.404199999998
2006-06-03,5494.125
2006-06-07,5766.633599999999
2006-06-08,5788.6101
2006-06-09,5791.5403
2006-06-10,5804.726199999998
2006-06-11,5819.377199999998
2006-06-14,5844.2838999999985
2006-06-15,5848.679199999998
2006-06-16,5851.6093999999985
2006-06-17,5861.8651
2006-06-18,5861.8651
2006-06-21,6040.6073
2006-06-22,6028.8865000000005
2006-06-23,6324.836699999998
2006-06-24,6491.8580999999995
2006-06-25,6484.5326
2006-06-29,6474.276899999998
2006-06-30,6472.8117999999995
2006-07-01,6676.460699999998
2006-07-02,6796.598899999998
2006-07-05,6814.1801
2006-07-06,6852.272699999998
2006-07-07,6956.2948
2006-07-08,7290.3376
2006-07-09,7537.939499999999
2006-07-12,7637.5662999999995
2006-07-13,7615.5898
2006-07-14,7492.521399999999
2006-07-15,7259.5705
2006-07-16,7291.802699999998
2006-07-19,7532.0791
2006-07-20,7430.987199999998
2006-07-21,7452.963699999998
2006-07-22,7433.917399999998
2006-08-26,6030.3516
2006-08-27,5989.3288
2006-08-30,6040.6073
2006-08-31,6069.9093
2006-09-01,6062.583799999999
2006-09-02,6068.444199999998
2006-09-03,6078.699899999998
2006-09-06,6264.767599999999
2006-09-07,6087.4905
2006-09-10,6109.467000000001
2006-09-13,6157.8153
2006-09-14,6156.350199999998
2006-09-15,6144.629399999998
2006-09-16,6096.281099999999
2006-09-17,5892.632199999998
2006-09-20,5882.3765
2006-09-24,5858.934899999998
2006-10-04,5819.377199999998
2006-10-05,5772.494
2006-10-06,5773.9591
2006-10-07,5766.633599999999
2006-10-11,5968.817399999998
2006-10-12,5986.3985999999995
2006-10-13,6024.491199999998
2006-10-14,6069.9093
2006-10-15,6231.0703
2006-10-18,6184.187099999999
2006-10-20,6258.907199999998
2006-10-21,6414.2078
2006-10-22,6638.3681
2006-10-25,6969.480699999998
2006-10-26,7269.826199999998
2006-10-29,7373.8483
2006-11-01,7725.472299999999
2006-11-02,8110.7936
2006-11-03,8317.372699999998
2006-11-04,7915.9353
2006-11-05,7646.356899999998
2006-11-08,7737.1930999999995
2006-11-09,7562.846199999998
2006-11-10,7584.822699999998
2006-11-11,7759.169599999999
2006-11-12,8072.700999999999
2006-11-15,8475.6035
2006-11-16,8321.767999999998
2006-11-17,8116.653999999999
2006-11-18,8075.631199999998
2006-11-19,8043.3989999999985
2006-11-22,8087.351999999999
2006-11-23,8044.8641
2006-11-24,7999.445999999999
2006-11-25,7792.866899999998
2006-11-26,7707.8911
2006-11-29,7955.492999999999
2006-11-30,8245.5828
2006-12-01,8481.463899999999
2006-12-02,8840.413399999998
2006-12-03,9281.4085
2006-12-06,9679.915699999998
2006-12-07,9754.6358
2006-12-08,9548.056699999997
2006-12-09,9974.4008
2006-12-10,10425.6516
2006-12-13,10838.809799999999
2006-12-14,10806.5776
2006-12-15,11247.572699999999
2006-12-16,11613.847699999998
2006-12-17,11845.3335
2006-12-20,11429.2451
2006-12-21,11285.665299999999
2006-12-22,11713.4745
2006-12-23,12286.328599999999
2006-12-24,12812.299500000001
2006-12-27,13064.296699999999
2006-12-28,13716.2662
2006-12-29,14400.467900000001
2006-12-30,15119.831999999999
2006-12-31,15875.8236
2007-01-03,16242.0986
2007-01-04,15581.338499999998
2007-01-05,14944.02
2007-01-06,14300.8411
2007-01-07,14747.6966
2007-01-10,14672.9765
2007-01-11,14608.5121
2007-01-12,14545.5128
2007-01-13,14593.8611
2007-01-14,14601.186599999999
2007-01-17,15330.806400000001
2007-01-18,16097.053699999999
2007-01-19,16901.3936
2007-01-20,17354.1095
2007-01-21,16633.280300000002
2007-01-24,15990.101400000001
2007-01-25,15733.708900000001
2007-01-26,15217.993699999999
2007-01-27,15297.1091
2007-01-31,14735.975800000002
2007-02-01,14668.581199999999
2007-02-02,14731.5805
2007-02-03,15153.529300000002
2007-02-04,15609.1754
2007-02-07,15937.357800000002
2007-02-08,15426.037900000001
2007-02-09,15184.296400000001
2007-02-10,14888.3462
2007-02-11,14589.465800000002
2007-02-14,14289.1203
2007-02-15,14130.889500000001
2007-02-16,14293.5156
2007-02-17,14544.0477
2007-02-18,14678.8369
2007-02-21,14510.350400000001
2007-02-22,14229.0512
2007-02-23,13902.333900000001
2007-02-24,13766.0796
2007-02-25,13691.3595
2007-02-28,13590.2676
2007-03-01,12983.716199999999
2007-03-02,12632.0922
2007-03-03,13013.018199999999
2007-03-04,13260.6201
2007-03-07,13301.6429
2007-03-25,15462.6654
2007-03-28,15732.243800000002
2007-03-29,15619.4311
2007-03-30,15537.385499999999
2007-03-31,15582.8036
2007-04-01,15973.985300000002
2007-04-04,16141.0067
2007-04-05,16199.6107
2007-04-06,16198.1456
2007-04-07,16653.791699999998
2007-04-08,17310.156499999997
2007-04-11,17909.382400000002
2007-04-12,17732.105300000003
2007-04-13,17992.8931
2007-04-14,18033.9159
2007-04-15,17868.3596
2007-04-18,17946.0099
2007-04-19,17863.9643
2007-04-20,17847.8482
2007-04-21,18203.867499999997
2007-04-22,18020.73
2007-04-25,17906.4522
2007-04-26,17830.266999999996
2007-04-27,17524.0611
2007-04-28,16647.9313
2007-04-29,15880.2189
2007-05-02,15971.0551
2007-05-03,16085.332900000001
2007-05-04,16146.8671
2007-05-05,16143.9369
2007-05-06,15950.5437
2007-05-09,15716.1277
2007-05-10,15521.269400000001
2007-05-11,14992.368300000002
2007-05-12,14948.4153
2007-05-13,15007.019300000002
2007-05-16,15191.6219
2007-05-17,15430.4332
2007-05-18,15524.1996
2007-05-19,15727.848499999998
2007-05-20,16513.1421
2007-05-23,16041.3799
2007-05-25,16820.8131
2007-05-26,16800.3017
2007-05-27,16683.093699999998
2007-05-30,16552.699800000002
2007-05-31,16009.1477
2007-06-01,16054.5658
2007-06-02,16201.0758
2007-06-03,16108.774499999998
2007-06-06,16047.240300000001
2007-06-07,15960.7994
2007-06-08,16026.7289
2007-06-09,16143.9369
2007-06-10,16240.633499999998
2007-06-13,16135.1463
2007-06-14,16101.448999999999
2007-06-15,15950.5437
2007-06-16,15913.9162
2007-06-20,16384.2133
2007-06-21,17201.7391
2007-06-22,17515.2705
2007-06-23,17428.8296
2007-06-24,16558.5602
2007-06-27,16554.1649
2007-06-28,17214.925
2007-06-29,16870.6265
2007-06-30,16962.9278
2007-07-01,17352.6444
2007-07-04,17906.4522
2007-07-05,18668.3042
2007-07-06,19433.0864
2007-07-07,18961.3242
2007-07-08,18886.6041
2007-07-11,19166.4382
2007-07-12,18816.279300000002
2007-07-13,19274.8556
2007-07-14,19499.015900000002
2007-07-15,19619.1541
2007-07-18,19260.2046
2007-07-19,19038.974499999997
2007-07-20,19184.0194
2007-10-20,5646.495399999998
2007-10-21,5422.335099999999
2007-10-24,5688.9833
2007-10-25,5973.212699999998
2007-10-26,6219.3495
2007-10-27,5921.934199999998
2007-10-28,5938.0503
2007-10-31,6036.212
2007-11-01,6103.6066
2007-11-02,6066.9791
2007-11-04,6198.8381
2007-11-07,6156.350199999998
2007-11-08,6037.6771
2007-11-09,5960.0268
2007-11-10,6043.5375
2007-11-11,6182.722
2007-11-14,6159.280399999998
2007-11-15,6119.722699999998
2007-11-16,6034.746899999998
2007-11-17,6039.142199999998
2007-11-18,6283.813899999998
2007-11-21,6206.1636
2007-11-22,6276.488399999998
2007-11-23,6307.2555
2007-11-24,6532.880899999998
2007-11-25,6852.272699999998
2007-11-28,6714.5533
2007-11-29,6692.5768
2007-11-30,6881.574699999998
2007-12-01,6909.411599999999
2007-12-02,6905.0163
2007-12-05,7230.2685
2007-12-06,7363.5926
2007-12-07,7517.4281
2007-12-08,7186.3155
2007-12-09,6984.131699999998
2007-12-14,6932.853199999998
2007-12-15,6925.527699999998
2007-12-16,6926.9928
2007-12-19,6842.017
2007-12-20,6843.482099999999
2007-12-21,6926.9928
2007-12-22,7268.3611
2007-12-23,7502.777099999999
2007-12-26,7485.195899999998
2007-12-27,7117.4558
2007-12-28,7268.3611
2007-12-29,7121.8511
2007-12-30,7381.1738
2008-01-02,7195.1061
2008-01-03,6855.202899999998
2008-01-04,6546.0668
2008-01-05,6373.185
2008-01-06,6055.2582999999995
2008-01-09,5760.773199999998
2008-01-10,5606.937699999998
2008-01-11,5602.542399999998
2008-01-12,5686.0531
2008-01-13,5724.145699999998
2008-01-16,5621.588699999998
2008-01-18,5555.659199999998
2008-01-19,5316.847899999998
2008-01-20,5149.8265
2008-01-23,5127.85
2008-01-24,5119.0594
2008-01-25,5072.1762
2008-01-26,4987.2004
2008-01-27,5085.3621
2008-01-30,5127.85
2008-01-31,5127.85
2008-02-01,5127.85
2008-02-02,5127.85
2008-02-03,5127.85
2008-02-06,5127.85
2008-02-07,5127.85
2008-02-08,5098.548
2008-02-09,5126.3849
2008-02-10,5126.3849
2008-02-13,5126.3849
2008-02-14,5126.3849
2008-02-15,5127.85
2008-02-16,5127.85
2008-02-17,4991.595700000001
2008-02-20,4896.3642
2008-02-21,4861.2018
2008-02-22,4848.0159
2008-02-23,4839.2253
2008-02-24,4836.2951
2008-02-27,4836.2951
2008-02-28,4858.2716
2008-02-29,4872.9226
2008-03-01,4919.8058
2008-03-02,4921.2708999999995
2008-03-05,5034.0836
2008-03-06,5039.944
2008-03-07,4974.0145
2008-03-08,4944.7125
2008-03-09,4915.4105
2008-03-12,4900.7595
2008-03-13,4872.9226
2008-03-14,4853.8763
2008-03-15,4845.0857000000005
2008-03-16,4840.6904
2008-03-19,4836.2951
2008-03-20,4834.83
2008-03-21,4896.3642
2008-03-22,5127.85
2008-03-23,5100.0131
2008-03-26,5198.1748
2008-03-27,5332.964
2008-03-28,5409.149199999998
2008-03-30,5400.3586
2008-04-02,5394.498199999998
2008-04-03,5393.0331
2008-04-04,5387.172699999998
2008-04-05,5387.172699999998
2008-04-06,5384.2425
2008-04-09,5382.777399999998
2008-04-10,5381.3123
2008-04-11,5379.847199999998
2008-04-12,5362.2660000000005
2008-04-13,5325.6385
2008-04-16,5319.7780999999995
2008-04-18,5318.313
2008-04-19,5313.917699999998
2008-04-20,5308.0572999999995
2008-04-23,5305.1271
2008-04-24,5297.8016
2008-04-25,5296.3365
2008-04-26,5296.3365
2008-04-27,5294.871399999998
2008-04-30,5293.4063
2008-05-01,5291.941199999998
2008-05-02,5291.941199999998
2008-05-04,5290.4761
2008-05-07,5287.545899999998
2008-05-08,5287.545899999998
2008-05-09,5287.545899999998
2008-05-10,5286.0808
2008-05-11,5284.615699999998
2008-05-14,5283.1506
2008-05-15,5283.1506
2008-05-16,5281.6855000000005
2008-05-17,5280.220399999998
2008-05-18,5278.7553
2008-05-21,5277.290199999998
2008-05-22,5275.8251
2008-05-23,5275.8251
2008-05-24,5274.36
2008-05-25,5272.894899999998
2008-05-28,5271.4298
2008-05-29,5271.4298
2008-05-31,5269.964699999998
2008-06-01,5269.964699999998
2008-06-04,5167.407700000001
2008-06-05,5110.2688
2008-06-07,5075.1064
2008-06-08,5054.595
2008-06-11,5037.0138
2008-06-12,4786.4817
2008-06-13,4547.6704
2008-06-14,4543.2751
2008-06-18,4538.8798
2008-06-19,4528.6241
2008-06-20,4525.6939
2008-06-21,4511.0429
2008-06-22,4286.8826
2008-06-25,4081.7686000000003
2008-06-26,4074.4431
2008-06-27,4119.8612
2008-06-28,4174.0698999999995
2008-06-29,4177.0001
2008-07-02,4174.0698999999995
2008-07-03,4155.0236
2008-07-04,4124.2564999999995
2008-07-05,4090.5592
2008-07-06,4089.0941000000003
2008-07-09,4026.0948
2008-07-10,4135.9773
2008-07-11,4135.9773
2008-07-12,4147.6981000000005
2008-07-13,4157.9538
2008-07-16,4133.0471
2008-07-17,4169.6746
2008-09-24,3207.1039
2008-09-25,2779.2947000000004
2008-10-01,2766.1088
2008-10-02,2754.388
2008-10-03,2763.1786
2008-10-04,2766.1088
2008-10-10,2771.9692000000005
2008-10-11,2773.4343
2008-10-12,2783.69
2008-10-15,2774.8994
2008-10-16,2752.9229
2008-10-17,2738.2718999999997
2008-10-18,2689.9236
2008-10-19,2672.3424
2008-10-22,2647.4357000000005
2008-10-24,2616.6686
2008-10-25,2604.9478
2008-10-26,2585.9015
2008-10-29,2582.9713
2008-10-30,2575.6458000000002
2008-10-31,2563.925
2008-11-01,2558.0646
2008-11-02,2550.7391000000002
2008-11-05,2541.9485
2008-11-06,2531.6928000000003
2008-11-07,2522.9022
2008-11-08,2509.7163
2008-11-09,2495.0653
2008-11-12,2464.2982
2008-11-13,2442.3217
2008-11-14,2484.8096
2008-11-15,2517.0418
2008-11-16,2546.3438
2008-11-19,2563.925
2008-11-20,2565.3901
2008-11-21,2569.7853999999998
2008-11-22,2584.4364
2008-11-23,2609.3431
2008-11-26,2599.0874
2008-11-27,2571.2505
2008-11-28,2556.5995000000003
2008-11-29,2546.3438
2008-11-30,2544.8787
2008-12-03,2537.5532
2008-12-04,2530.2277
2008-12-05,2525.8324
2008-12-06,2522.9022
2008-12-07,2477.4841
2008-12-10,2478.9492
2008-12-13,2473.0888
2008-12-14,2465.7633
2008-12-17,2464.2982
2008-12-18,2470.1586
2008-12-19,2476.0190000000002
2008-12-20,2486.2747
2008-12-21,2503.8559
2008-12-24,2511.1814
2008-12-25,2514.1116
2008-12-26,2524.3673
2008-12-27,2556.5995000000003
2008-12-28,2559.5297
2008-12-31,2562.4599
2009-01-01,2562.4599
2009-01-02,2566.8552
2009-01-03,2575.6458000000002
2009-01-04,2578.576
2009-01-07,2588.8317
2009-01-08,2590.2968
2009-01-09,2591.7619
2009-01-10,2591.7619
2009-01-11,2591.7619
2009-01-14,2593.227
2009-01-15,2594.6921
2009-01-16,2596.1572
2009-01-17,2597.6223
2009-01-18,2599.0874
2009-01-21,2607.878
2009-01-22,2607.878
2009-01-23,2609.3431
2009-01-24,2615.2035
2009-01-25,2616.6686
2009-01-28,2622.529
2009-01-29,2628.3894
2009-01-30,2640.1102
2009-01-31,2644.5055
2009-02-01,2681.1330000000003
2009-02-04,2684.0632
2009-02-05,2686.9934
2009-02-06,2694.3188999999998
2009-02-07,2714.8302999999996
2009-02-08,2742.6672000000003
2009-02-11,2748.5276000000003
2009-02-12,2788.0852999999997
2009-02-13,2780.7598
2009-02-15,2780.7598
2009-02-18,2799.8061000000002
2009-02-19,2833.5034
2009-02-20,2858.4101
2009-02-21,2899.4329
2009-02-22,2922.8745
2009-02-25,2955.1067000000003
2009-02-26,3007.8502999999996
2009-02-27,3050.3382
2009-03-01,3067.9193999999998
2009-03-04,3078.1751000000004
2009-03-05,3101.6167000000005
2009-03-06,3151.4301
2009-03-07,3161.6857999999997
2009-03-08,3163.1509
2009-03-11,3163.1509
2009-03-12,3183.6623
2009-03-13,3239.3361
2009-03-14,3268.6381
2009-03-15,3268.6381
2009-03-19,3287.6844
2009-03-20,3336.0327
2009-03-21,3401.9622000000004
2009-03-22,3469.3568
2009-03-25,3538.2165
2009-03-26,3607.0762000000004
2009-03-27,3674.4708
2009-03-28,3727.2144
2009-03-29,3744.7956000000004
2009-04-01,3749.1909
2009-04-02,3823.9109999999996
2009-04-03,3900.0962000000004
2009-04-04,3977.7464999999993
2009-04-05,4056.8619
2009-04-08,4137.4424
2009-04-09,4219.487999999999
2009-04-10,4302.9987
2009-04-11,4352.8121
2009-04-12,4421.6718
2009-04-15,4354.2772
2009-04-16,4289.8128
2009-04-17,4283.9524
2009-04-18,4256.1155
2009-04-19,4171.139700000001
2009-04-22,4089.0941000000003
2009-04-24,4089.0941000000003
2009-04-26,4089.0941000000003
2009-04-29,4089.0941000000003
2009-04-30,4008.5136
2009-05-01,4049.5364
2009-05-06,4064.1874
2009-05-07,4055.3968
2009-05-08,4049.5364
2009-05-09,4049.5364
2009-05-10,3968.9559
2009-05-13,3922.0727
2009-05-14,3891.3056
2009-05-15,3891.3056
2009-05-16,3831.2364999999995
2009-05-17,3859.0733999999998
2009-05-20,3853.2129999999993
2009-05-21,3844.4224
2009-05-22,3825.3761000000004
2009-05-23,3800.4694
2009-05-24,3787.2834999999995
2009-05-27,3781.4231
2009-05-28,3734.5398999999998
2009-05-29,3731.6097000000004
2009-05-30,3725.7493
2009-05-31,3653.9593999999997
2009-06-03,3724.2842000000005
2009-06-04,3730.1446
2009-06-05,3756.5164
2009-06-06,3775.5627000000004
2009-06-07,3848.8177000000005
2009-06-10,3810.7251
2009-06-11,3869.3291000000004
2009-06-12,3886.9103
2009-06-13,3895.7009
2009-06-14,3897.1659999999997
2009-06-17,3904.4914999999996
2009-06-18,3920.6076000000003
2009-06-19,3929.3982
2009-06-20,3942.5841
2009-06-21,3967.4908
2009-06-24,3979.2116
2009-06-25,4033.4202999999998
2009-06-26,4114.0008
2009-06-27,4125.7216
2009-06-28,4206.3021
2009-07-01,4248.789999999999
2009-07-02,4174.0698999999995
2009-07-03,4131.581999999999
2009-07-04,4130.1169
2009-07-05,4055.3968
2009-07-08,4033.4202999999998
2009-07-10,4097.8847000000005
2009-07-11,4130.1169
2009-07-12,4212.162499999999
2009-07-15,4261.9759
2009-07-16,4228.278600000001
2009-07-18,4169.6746
2009-07-19,4087.6289999999995
2009-07-22,4018.7693
2009-07-23,4092.0243
2009-08-05,3670.0755
2009-08-06,3634.9131
2009-08-09,3620.2621000000004
2009-08-12,3580.7044
2009-08-13,3563.1232000000005
2009-08-14,3507.4494
2009-08-15,3516.2400000000002
2009-08-16,3522.1004
2009-08-19,3527.9608
2009-08-21,3548.4722
2009-08-22,3583.6346000000003
2009-08-23,3589.495
2009-08-26,3599.7507000000005
2009-08-27,3668.6104
2009-08-28,3686.1916
2009-08-29,3689.1218
2009-08-30,3762.3768
2009-09-02,3757.9814999999994
2009-09-03,3746.2607000000003
2009-09-04,3728.6795
2009-09-05,3756.5164
2009-09-06,3794.6089999999995
2009-09-09,3869.3291000000004
2009-09-10,3917.6774
2009-09-11,3886.9103
2009-09-12,3875.1894999999995
2009-09-13,3826.8412000000003
2009-09-17,3806.3298
2009-09-18,3778.4928999999997
2009-09-19,3788.7486000000004
2009-09-20,3825.3761000000004
2009-09-23,3863.4687000000004
2009-09-25,3914.7472000000002
2009-10-01,3914.7472000000002
2009-10-02,3913.2821000000004
2009-10-03,3911.8169999999996
2009-10-04,3923.5378
2009-10-07,3925.0029
2009-10-10,3929.3982
2009-10-11,3932.3284
2009-10-14,3930.8633
2009-10-15,3919.1424999999995
2009-10-16,3905.9566
2009-10-17,3882.5149999999994
2009-10-18,3876.6546000000003
2009-10-21,3864.9338
2009-10-22,3848.8177000000005
2009-10-23,3829.7714
2009-10-24,3813.6553
2009-10-25,3803.3996
2009-10-28,3794.6089999999995
2009-10-29,3804.8647
2009-10-30,3832.7016000000003
2009-10-31,3838.5619999999994
2009-11-01,3863.4687000000004
2009-11-04,3844.4224
2009-11-05,3831.2364999999995
2009-11-06,3812.1902000000005
2009-11-07,3796.0741000000003
2009-11-08,3785.8184
2009-11-11,3774.0976
2009-11-12,3760.9117
2009-11-13,3724.2842000000005
2009-11-14,3731.6097000000004
2009-11-15,3736.005
2009-11-18,3752.1211000000003
2009-11-19,3755.0512999999996
2009-11-20,3757.9814999999994
2009-11-21,3765.3069999999993
2009-11-22,3771.1674
2009-11-25,3775.5627000000004
2009-11-26,3779.9579999999996
2009-11-27,3782.8882000000003
2009-11-28,3785.8184
2009-11-29,3796.0741000000003
2009-12-02,3823.9109999999996
2009-12-03,3837.0969
2009-12-04,3842.9573
2009-12-05,3850.2828
2009-12-06,3859.0733999999998
2009-12-09,3879.5847999999996
2009-12-10,3886.9103
2009-12-13,3891.3056
2009-12-16,3920.6076000000003
2009-12-17,3927.9331
2009-12-18,3941.1189999999997
2009-12-19,3948.4444999999996
2009-12-20,3980.6767000000004
2009-12-23,3986.5371
2009-12-24,3989.4673
2009-12-26,3993.8626000000004
2009-12-27,3998.2579
2009-12-30,4005.5834
2009-12-31,4007.0484999999994
2010-01-01,4011.4438
2010-01-02,4020.2344
2010-01-03,4023.1646
2010-01-06,4027.5598999999997
2010-01-07,4030.4901
2010-01-08,4037.8156000000004
2010-01-09,4039.2807000000003
2010-01-10,4048.0712999999996
2010-01-13,4051.0014999999994
2010-01-14,4055.3968
2010-01-15,4061.2572000000005
2010-01-16,4072.9779999999996
2010-01-17,4077.3732999999997
2010-01-20,4090.5592
2010-01-21,4100.8149
2010-01-22,4133.0471
2010-01-23,4135.9773
2010-01-24,4143.3027999999995
2010-01-27,4153.558499999999
2010-01-28,4165.2793
2010-01-29,4169.6746
2010-01-30,4182.8605
2010-01-31,4190.186
2010-02-04,4204.8369999999995
2010-02-05,4212.162499999999
2010-02-06,4226.813499999999
2010-02-07,4237.0692
2010-02-10,4254.6503999999995
2010-02-11,4270.7665
2010-02-12,4285.4175
2010-02-13,4319.1148
2010-02-14,4342.5564
2010-02-18,4354.2772
2010-02-19,4377.7188
2010-02-20,4408.4859
2010-02-21,4428.9973
2010-02-24,4452.4389
2010-02-25,4462.6946
2010-02-26,4475.880499999999
2010-02-27,4493.461700000001
2010-02-28,4505.1825
2010-03-03,4513.9731
2010-03-04,4534.4845
2010-03-05,4553.5307999999995
2010-03-06,4569.6469
2010-03-10,4584.2979
2010-03-11,4601.8791
2010-03-12,4607.7395
2010-03-13,4623.8556
2010-03-14,4631.1811
2010-03-17,4641.4367999999995
2010-03-18,4644.367
2010-03-19,4654.6227
2010-03-20,4659.018
2010-03-21,4667.8086
2010-03-24,4686.8549
2010-03-25,4705.9012
2010-03-26,4720.5522
2010-03-27,4792.3421
2010-03-28,4799.6676
2010-03-31,4802.5978
2010-04-01,4861.2018
2010-04-02,4889.0387
2010-04-03,4915.4105
2010-04-04,4922.736
2010-04-07,4959.3635
2010-04-08,5057.5252
2010-04-09,5139.5707999999995
2010-04-10,5217.2211
2010-04-14,5281.6855000000005
2010-04-15,5387.172699999998
2010-04-16,5297.8016
2010-04-17,5382.777399999998
2010-04-18,5488.2645999999995
2010-04-22,5596.682
2010-04-23,5498.5203
2010-04-24,5488.2645999999995
2010-04-25,5488.2645999999995
2010-04-28,5379.847199999998
2010-04-29,5379.847199999998
2010-06-03,3495.7286000000004
2010-06-04,3426.8689
2010-06-05,3374.1252999999997
2010-06-06,3368.2649
2010-06-09,3363.8696
2010-06-11,3363.8696
2010-06-12,3297.9401000000003
2010-06-13,3295.0099
2010-06-16,3292.0797000000002
2010-06-17,3297.9401000000003
2010-06-18,3299.4052
2010-06-19,3299.4052
2010-06-20,3300.8703
2010-06-23,3302.3354
2010-06-24,3309.6609
2010-06-25,3375.5904
2010-06-26,3442.985
2010-06-27,3426.8689
2010-06-30,3423.9387
2010-07-02,3423.9387
2010-07-03,3422.4736000000003
2010-07-04,3422.4736000000003
2010-07-08,3421.0085
2010-07-09,3419.5434
2010-07-10,3412.2179
2010-07-11,3356.5441
2010-07-14,3347.7535000000003
2010-07-15,3330.1722999999997
2010-07-17,3325.777
2010-07-18,3321.3817000000004
2010-07-21,3311.126
2010-07-22,3312.5911
2010-07-23,3340.428
2010-08-05,3089.8959
2010-08-06,3088.4307999999996
2010-08-07,3086.9657
2010-08-08,3085.5006000000003
2010-08-11,3044.4777999999997
2010-08-12,3015.1758
2010-08-13,3015.1758
2010-08-14,3001.9899
2010-08-15,2994.6644
2010-08-18,2993.1992999999998
2010-08-19,2993.1992999999998
2010-08-21,2993.1992999999998
2010-08-22,2988.804
2010-08-25,2988.804
2010-08-26,2988.804
2010-08-27,2987.3388999999997
2010-08-28,2982.9436
2010-08-29,2981.4785
2010-09-01,2981.4785
2010-09-02,2980.0134
2010-09-03,2978.5483
2010-09-05,2978.5483
2010-09-08,2978.5483
2010-09-09,2978.5483
2010-09-10,2919.9442999999997
2010-09-11,2862.8053999999997
2010-09-12,2805.6665000000003
2010-09-16,2749.9927000000002
2010-09-17,2764.6437
2010-09-18,2811.5269
2010-09-19,2830.5732000000003
2010-09-22,2827.643
2010-09-23,2826.1779
2010-09-24,2821.7826
2010-09-25,2783.69
2010-10-01,2783.69
2010-10-03,2785.1551
2010-10-06,2783.69
2010-10-07,2786.6202000000003
2010-10-10,2793.9457
2010-10-13,2792.4806000000003
2010-10-14,2791.0155
2010-10-15,2735.3417000000004
2010-10-16,2691.3887000000004
2010-10-17,2663.5517999999997
2010-10-20,2643.0404
2010-10-21,2638.6451
2010-10-22,2609.3431
2010-10-23,2606.4129
2010-10-24,2602.0176
2010-10-27,2599.0874
2010-10-28,2580.0411000000004
2010-10-29,2540.4834
2010-10-30,2527.2975
2010-10-31,2525.8324
2010-11-03,2524.3673
2010-11-04,2524.3673
2010-11-05,2522.9022
2010-11-06,2524.3673
2010-11-07,2541.9485
2010-11-10,2541.9485
2010-11-11,2541.9485
2010-11-12,2541.9485
2010-11-13,2537.5532
2010-11-14,2533.1578999999997
2010-11-17,2522.9022
2010-11-18,2518.5069
2010-11-19,2517.0418
2010-11-20,2528.7626
2010-11-21,2539.0183
2010-11-24,2540.4834
2010-11-25,2544.8787
2010-11-26,2559.5297
2010-11-27,2566.8552
2010-11-28,2607.878
2010-12-01,2675.2726000000002
2010-12-02,2754.388
2010-12-03,2834.9685
2010-12-04,2827.643
2010-12-05,2827.643
2010-12-08,2823.2477000000003
2010-12-09,2821.7826
2010-12-10,2821.7826
2010-12-16,2821.7826
2010-12-17,2745.5974
2010-12-18,2663.5517999999997
2010-12-19,2622.529
2010-12-22,2612.2733
2010-12-23,2590.2968
2010-12-24,2606.4129
2010-12-25,2626.9242999999997
2010-12-26,2629.8545
2010-12-29,2650.3659
2010-12-30,2719.2256
2010-12-31,2716.2954
2011-01-01,2706.0397000000003
2011-01-02,2670.8772999999997
2011-01-05,2659.1565
2011-01-06,2625.4592000000002
2011-01-07,2609.3431
2011-01-08,2603.4827
2011-01-09,2679.6679
2011-01-12,2667.9471000000003
2011-01-13,2597.6223
2011-01-14,2588.8317
2011-01-15,2565.3901
2011-01-16,2571.2505
2011-01-19,2558.0646
2011-01-20,2556.5995000000003
2011-01-21,2549.274
2011-01-22,2543.4136000000003
2011-01-26,2519.972
2011-01-27,2517.0418
2011-01-28,2505.321
2011-01-29,2500.9257
2011-01-30,2500.9257
2011-02-02,2512.6465
2011-02-03,2572.7156
2011-02-04,2626.9242999999997
2011-02-05,2644.5055
2011-02-09,2651.831
2011-02-10,2678.2028
2011-02-11,2755.8531000000003
2011-02-12,2708.9699
2011-02-13,2701.6444
2011-02-16,2681.1330000000003
2011-02-17,2678.2028
2011-02-18,2673.8075
2011-02-19,2670.8772999999997
2011-02-20,2670.8772999999997
2011-02-23,2665.0169
2011-02-25,2665.0169
2011-02-27,2665.0169
2011-03-02,2585.9015
2011-03-03,2584.4364
2011-03-04,2574.1807
2011-03-05,2581.5062
2011-03-06,2587.3666000000003
2011-03-09,2585.9015
2011-03-10,2584.4364
2011-03-11,2580.0411000000004
2011-03-12,2546.3438
2011-03-13,2471.6237
2011-03-16,2473.0888
2011-03-17,2459.9029
2011-03-18,2434.9962
2011-03-19,2423.2754
2011-03-20,2354.4157
2011-03-23,2348.5553
2011-03-24,2322.1835
2011-03-25,2328.0439
2011-03-26,2332.4392
2011-03-27,2339.7647
2011-03-30,2370.5318
2011-03-31,2411.5546
2011-04-02,2408.6244
2011-04-03,2396.9036
2011-04-06,2325.1137
2011-04-07,2301.6721000000002
2011-04-08,2267.9747999999995
2011-04-09,2259.1842
2011-04-13,2244.5332
2011-04-14,2240.1378999999997
2011-04-15,2235.7426
2011-04-16,2225.4869
2011-04-17,2216.6962999999996
2011-04-20,2150.7667999999994
2011-04-21,2147.8366
2011-04-22,2146.3714999999997
2011-04-23,2141.9762
2011-04-24,2128.7902999999997
2011-04-27,2131.7205
2011-04-28,2121.4647999999997
2011-04-29,2118.5346
2011-04-30,2114.1392999999994
2011-05-01,2114.1392999999994
2011-05-05,2108.2789
2011-05-06,2049.6749
2011-05-07,2039.4192
2011-05-08,2036.4889999999998
2011-05-11,1991.0709
2011-05-12,1985.2104999999997
2011-05-13,1977.8849999999998
2011-05-14,1970.5594999999998
2011-05-15,1964.6991
2011-05-18,1960.3037999999995
2011-05-19,1939.7923999999998
2011-05-20,1923.6762999999994
2011-05-21,1873.8628999999999
2011-05-22,1873.8628999999999
2011-05-25,1873.8628999999999
2011-05-26,1870.9327
2011-05-27,1868.0025
2011-05-28,1866.5374
2011-05-29,1843.0957999999996
2011-06-01,1819.6542
2011-06-02,1809.3985
2011-06-03,1785.9569
2011-06-04,1783.0267
2011-06-05,1780.0965
2011-06-08,1755.1897999999994
2011-06-09,1749.3293999999999
2011-06-10,1746.3992
2011-06-11,1742.0039
2011-06-12,1739.0737
2011-06-15,1724.4227
2011-06-16,1724.4227
2011-06-17,1722.9576000000002
2011-06-19,1702.4461999999999
2011-06-22,1702.4461999999999
2011-06-23,1700.9811000000002
2011-06-24,1700.9811000000002
2011-06-25,1695.1207
2011-06-29,1693.6556
2011-06-30,1696.5857999999996
2011-07-01,1699.516
2011-07-02,1700.9811000000002
2011-07-03,1703.9112999999995
2011-07-06,1706.8415
2011-07-07,1706.8415
2011-07-08,1756.6549
2011-07-09,1807.9334
2011-07-10,1854.8166
2011-07-13,1854.8166
2011-07-14,1870.9327
2011-07-15,1870.9327
2011-07-20,1891.4441000000002
2011-07-21,1910.4904
2011-07-22,1919.2809999999997
2011-07-23,1919.2809999999997
2011-07-24,1919.2809999999997
2011-07-27,1919.2809999999997
2011-07-28,1919.2809999999997
2011-07-29,1919.2809999999997
2011-07-30,1538.355
2011-07-31,1765.4455
2011-08-03,1763.9804
2011-08-04,1759.5851000000002
2011-08-05,1755.1897999999994
2011-08-06,1714.167
2011-08-07,1708.3066000000001
2011-08-10,1703.9112999999995
2011-08-11,1702.4461999999999
2011-08-12,1671.6791
2011-08-13,1673.1442
2011-08-14,1693.6556
2011-08-17,1695.1207
2011-08-18,1695.1207
2011-08-19,1695.1207
2011-08-21,1695.1207
2011-08-24,1692.1905
2011-08-25,1689.2602999999995
2011-08-27,1679.0046000000002
2011-08-28,1674.6092999999994
2011-08-31,1670.214
2011-09-01,1668.7488999999998
2011-09-02,1667.2837999999995
2011-09-04,1662.8885
2011-09-07,1657.0281000000002
2011-09-08,1652.6327999999994
2011-09-09,1640.912
2011-09-10,1626.261
2011-09-11,1626.261
2011-09-14,1626.261
2011-09-15,1626.261
2011-09-16,1621.8657
2011-09-17,1621.8657
2011-09-18,1618.9355
2011-09-21,1617.4704
2011-09-23,1617.4704
2011-09-24,1616.0052999999996
2011-09-25,1614.5402
2011-10-02,1614.5402
2011-10-05,1614.5402
2011-10-06,1626.261
2011-10-07,1626.261
2011-10-08,1626.261
2011-10-12,1626.261
2011-10-13,1626.261
2011-10-14,1624.7958999999998
2011-10-15,1624.7958999999998
2011-10-16,1624.7958999999998
2011-10-19,1624.7958999999998
2011-10-20,1623.3307999999995
2011-10-21,1623.3307999999995
2011-10-22,1623.3307999999995
2011-10-23,1624.7958999999998
2011-10-26,1632.1214
2011-10-27,1636.5167
2011-10-28,1637.9817999999996
2011-10-29,1637.9817999999996
2011-10-30,1639.4469
2011-11-02,1640.912
2011-11-03,1652.6327999999994
2011-11-04,1668.7488999999998
2011-11-05,1671.6791
2011-11-06,1671.6791
2011-11-09,1681.9347999999995
2011-11-10,1692.1905
2011-11-11,1708.3066000000001
2011-11-12,1756.6549
2011-11-13,1762.5152999999996
2011-11-16,1768.3757
2011-11-17,1769.8407999999995
2011-11-18,1772.771
2011-11-19,1781.5616000000002
2011-11-20,1774.2361
2011-11-23,1761.0502
2011-11-24,1759.5851000000002
2011-11-25,1759.5851000000002
2011-11-26,1755.1897999999994
2011-11-27,1752.2596
2011-11-30,1750.7945
2011-12-01,1746.3992
2011-12-02,1746.3992
2011-12-03,1743.469
2011-12-04,1742.0039
2011-12-07,1742.0039
2011-12-08,1743.469
2011-12-09,1747.8642999999995
2011-12-10,1749.3293999999999
2011-12-11,1758.1200000000001
2011-12-14,1759.5851000000002
2011-12-15,1759.5851000000002
2011-12-16,1761.0502
2011-12-17,1762.5152999999996
2011-12-18,1771.3058999999998
2011-12-21,1762.5152999999996
2011-12-22,1763.9804
2011-12-23,1755.1897999999994
2011-12-24,1753.7247
2011-12-25,1746.3992
2011-12-28,1743.469
2011-12-29,1743.469
2011-12-30,1740.5387999999996
2011-12-31,1740.5387999999996
2012-01-01,1734.6784
2012-01-04,1734.6784
2012-01-05,1731.7482
2012-01-06,1722.9576000000002
2012-01-07,1722.9576000000002
2012-01-08,1724.4227
2012-01-11,1720.0274
2012-01-12,1720.0274
2012-01-14,1720.0274
2012-01-18,1718.5622999999996
2012-01-19,1702.4461999999999
2012-01-20,1700.9811000000002
2012-01-21,1700.9811000000002
2012-01-22,1700.9811000000002
2012-01-25,1681.9347999999995
2012-01-26,1680.4696999999999
2012-01-28,1679.0046000000002
2012-01-29,1677.5395
2012-02-01,1677.5395
2012-02-02,1677.5395
2012-02-03,1674.6092999999994
2012-02-04,1673.1442
2012-02-05,1671.6791
2012-02-08,1671.6791
2012-02-09,1665.8187
2012-02-10,1659.9582999999996
2012-02-11,1659.9582999999996
2012-02-12,1657.0281000000002
2012-02-15,1657.0281000000002
2012-02-16,1654.0979
2012-02-17,1646.7723999999998
2012-02-18,1642.3771000000002
2012-02-19,1639.4469
2012-02-22,1630.6562999999994
2012-02-23,1585.2382
2012-02-24,1585.2382
2012-02-25,1585.2382
2012-02-26,1585.2382
2012-02-29,1585.2382
2012-03-01,1589.6335000000001
2012-03-02,1594.0287999999996
2012-03-03,1620.4006000000002
2012-03-04,1620.4006000000002
2012-03-07,1626.261
2012-03-08,1674.6092999999994
2012-03-09,1674.6092999999994
2012-03-10,1720.0274
2012-03-11,1759.5851000000002
2012-03-14,1812.3287
2012-03-15,1819.6542
2012-03-16,1821.1192999999996
2012-03-17,1828.4447999999995
2012-03-18,1829.9098999999999
2012-03-21,1829.9098999999999
2012-03-22,1837.2354
2012-03-23,1846.026
2012-03-24,1876.7931
2012-03-25,1875.328
2012-03-28,1869.4676000000002
2012-03-29,1869.4676000000002
2012-03-30,1865.0722999999996
2012-03-31,1862.1421000000003
2012-04-01,1878.2582
2012-04-04,1914.8857
2012-04-05,1952.9782999999995
2012-04-06,2010.1172
2012-04-07,2010.1172
2012-04-08,2024.7682
2012-04-11,2052.6051
2012-04-12,2055.5352999999996
2012-04-13,2093.6279
2012-04-14,2111.2091
2012-04-15,2112.6742
2012-04-18,2146.3714999999997
2012-04-19,2161.0224999999996
2012-04-20,2161.0224999999996
2012-04-21,2161.0224999999996
2012-04-25,2161.0224999999996
2012-04-26,2096.5581
2012-04-27,2093.6279
2012-04-28,2054.0702
2012-04-29,2051.14
2012-05-02,2052.6051
2012-05-03,2076.0467
2012-05-04,2074.5816
2012-05-05,2064.3259
2012-05-06,2051.14
2012-05-09,2074.5816
2012-05-10,2080.4419999999996
2012-05-11,2131.7205
2012-05-12,2111.2091
2012-05-13,2112.6742
2012-05-16,2141.9762
2012-05-17,2146.3714999999997
2012-05-18,2141.9762
2012-05-19,2141.9762
2012-05-20,2137.5809
2012-05-23,2137.5809
2012-05-24,2115.6043999999997
2012-05-25,2054.0702
2012-05-26,2049.6749
2012-05-27,2032.0937
2012-05-30,2032.0937
2012-05-31,2002.7917
2012-06-01,1986.6756000000003
2012-06-02,1986.6756000000003
2012-06-03,1985.2104999999997
2012-06-07,1973.4897
2012-06-08,1970.5594999999998
2012-06-09,1969.0944
2012-06-10,1933.9319999999998
2012-06-13,1931.0017999999995
2012-06-15,1933.9319999999998
2012-06-16,1932.4669
2012-06-17,1929.5366999999999
2012-06-20,1910.4904
2012-06-21,1909.0252999999996
2012-06-22,1843.0957999999996
2012-06-23,1841.6307
2012-06-24,1841.6307
2012-06-27,1841.6307
2012-06-28,1848.9562
2012-06-29,1851.8863999999999
2012-06-30,1900.2347
2012-07-01,1903.1649
2012-07-06,1903.1649
2012-07-07,1901.6997999999994
2012-07-08,1897.3044999999997
2012-07-11,1901.6997999999994
2012-07-12,1898.7696
2012-07-13,1898.7696
2012-07-14,1897.3044999999997
2012-07-15,1897.3044999999997
2012-07-18,1897.3044999999997
2012-07-19,1897.3044999999997
2012-07-20,1897.3044999999997
2012-07-21,1897.3044999999997
2012-07-22,1897.3044999999997
2012-07-25,2182.999
2012-07-26,2182.999
2012-07-27,2182.999
2012-07-28,2182.999
2012-07-29,2182.999
2012-08-01,2182.999
2012-08-02,2182.999
2012-08-03,2182.999
2012-08-04,2182.999
2012-08-05,2182.999
2012-08-08,2182.999
2012-08-09,2182.999
2012-08-10,2077.5117999999993
2012-08-11,2005.7219
2012-08-12,1936.8622
2012-08-15,1887.0487999999996
2012-08-16,1859.2119
2012-08-17,1843.0957999999996
2012-08-18,1812.3287
2012-08-19,1810.8636000000001
2012-08-23,1768.3757
2012-08-25,1797.6777
2012-08-26,1790.3522
2012-08-29,1743.469
2012-08-30,1721.4925
2012-08-31,1696.5857999999996
2012-09-01,1699.516
2012-09-02,1702.4461999999999
2012-09-05,1703.9112999999995
2012-09-06,1743.469
2012-09-07,1766.9106000000002
2012-09-08,1787.422
2012-09-09,1807.9334
2012-09-12,1840.1656
2012-09-13,1847.4911000000002
2012-09-14,1840.1656
2012-09-15,1832.8401000000001
2012-09-16,1831.375
2012-09-19,1828.4447999999995
2012-09-20,1828.4447999999995
2012-09-21,1831.375
2012-09-22,1832.8401000000001
2012-09-23,1835.7702999999995
2012-10-03,1838.7005
2012-10-04,1841.6307
2012-10-05,1847.4911000000002
2012-10-06,1911.9554999999998
2012-10-07,1977.8849999999998
2012-10-10,2004.2567999999994
2012-10-11,2027.6984
2012-10-12,2032.0937
2012-10-13,2046.7447
2012-10-14,2090.6977
2012-10-17,2117.0694999999996
2012-10-18,2119.9997
2012-10-19,2127.3251999999998
2012-10-20,2133.1856000000002
2012-10-21,2169.8131000000003
2012-10-24,2131.7205
2012-10-25,2122.9299
2012-10-26,2105.3487
2012-10-27,2121.4647999999997
2012-10-28,2139.046
2012-10-31,2131.7205
2012-11-01,2103.8836
2012-11-02,2099.4882999999995
2012-11-03,2099.4882999999995
2012-11-04,2096.5581
2012-11-07,2096.5581
2012-11-08,2095.093
2012-11-09,2095.093
2012-11-10,2095.093
2012-11-11,2095.093
2012-11-14,2095.093
2012-11-15,2095.093
2012-11-16,2095.093
2012-11-17,2040.8842999999995
2012-11-18,2017.4427
2012-11-21,2017.4427
2012-11-22,2017.4427
2012-11-24,2017.4427
2012-11-25,2017.4427
2012-11-28,2017.4427
2012-11-29,2017.4427
2012-11-30,2017.4427
2012-12-01,2017.4427
2012-12-02,2017.4427
2012-12-05,2017.4427
2012-12-06,2017.4427
2012-12-07,2017.4427
2012-12-08,2017.4427
2012-12-09,2017.4427
2012-12-13,2017.4427
2012-12-14,2017.4427
2012-12-15,2017.4427
2012-12-16,2017.4427
2012-12-19,2017.4427
2012-12-20,2017.4427
2012-12-21,2017.4427
2012-12-22,2017.4427
2012-12-23,2017.4427
2012-12-26,2017.4427
2012-12-27,2017.4427
2012-12-28,2017.4427
2012-12-29,2017.4427
2012-12-30,2017.4427
2013-01-03,2017.4427
2013-01-04,2017.4427
2013-01-05,2017.4427
2013-01-06,2017.4427
2013-01-09,2017.4427
2013-01-10,2017.4427
2013-01-11,2017.4427
2013-01-12,2017.4427
2013-01-13,2017.4427
2013-01-17,2017.4427
2013-01-18,2017.4427
2013-01-19,1936.8622
2013-01-20,1936.8622
2013-01-23,1932.4669
2013-01-24,1926.6064999999996
2013-01-25,1950.0481000000002
2013-01-26,2027.6984
2013-01-27,2108.2789
2013-01-30,2191.7896
2013-01-31,2278.2304999999997
2013-02-01,2316.3231
2013-02-03,2224.0217999999995
2013-02-06,2194.7197999999994
2013-02-07,2147.8366
2013-02-08,2115.6043999999997
2013-02-09,2187.3942999999995
2013-02-10,2188.8594
2013-02-13,2196.1848999999997
2013-02-14,2213.7661000000003
2013-02-15,2206.4406000000004
2013-02-16,2180.0687999999996
2013-02-17,2180.0687999999996
2013-02-20,2168.348
2013-02-21,2161.0224999999996
2013-02-22,2133.1856000000002
2013-02-23,2095.093
2013-02-24,2076.0467
2013-02-27,2071.6513999999997
2013-02-28,1991.0709
2013-03-01,1999.8614999999998
2013-03-02,2017.4427
2013-03-03,2023.3031
2013-03-06,2064.3259
2013-03-07,2144.9064
2013-03-08,2229.8822
2013-03-09,2313.3929
2013-03-13,2405.6942
2013-03-14,2407.1593000000003
2013-03-15,2404.2291
2013-03-16,2314.858
2013-03-17,2313.3929
2013-03-21,2320.7183999999997
2013-03-22,2413.0197
2013-03-23,2395.4385
2013-03-24,2344.16
2013-03-27,2379.3224
2013-03-28,2369.0667
2013-03-29,2275.3002999999994
2013-03-30,2275.3002999999994
2013-03-31,2276.7653999999998
2013-04-03,2367.6016
2013-04-04,2399.8338
2013-04-05,2377.8573
2013-04-06,2284.0909
2013-04-07,2212.301
2013-04-10,2295.8117
2013-04-11,2357.3459
2013-04-13,2442.3217
2013-04-14,2533.1578999999997
2013-04-17,2629.8545
2013-04-18,2650.3659
2013-04-19,2556.5995000000003
2013-04-20,2517.0418
2013-04-21,2459.9029
2013-04-24,2364.6713999999997
2013-04-25,2276.7653999999998
2013-04-26,2326.5788000000002
2013-04-27,2237.2077
2013-04-28,2212.301
2013-05-01,2150.7667999999994
2013-05-02,2074.5816
2013-05-03,2046.7447
2013-05-04,2090.6977
2013-05-05,2105.3487
2013-05-08,2102.4184999999998
2013-05-09,2096.5581
2013-05-10,2084.8372999999997
2013-05-11,2071.6513999999997
2013-05-12,2087.7675
2013-05-15,2161.0224999999996
2013-05-16,2119.9997
2013-05-17,2078.9769
2013-05-18,2076.0467
2013-05-19,2070.1862999999994
2013-05-22,2051.14
2013-05-23,2048.2097999999996
2013-05-24,2035.0239
2013-05-25,1969.0944
2013-05-29,1985.2104999999997
2013-05-30,2026.2332999999994
2013-05-31,2076.0467
2013-06-01,2039.4192
2013-06-02,1960.3037999999995
2013-06-05,1909.0252999999996
2013-06-06,1952.9782999999995
2013-06-07,1950.0481000000002
2013-06-08,1933.9319999999998
2013-06-09,1910.4904
2013-06-12,1903.1649
2013-06-13,1843.0957999999996
2013-06-14,1806.4682999999995
2013-06-15,1800.6079
2013-06-16,1803.5381000000002
2013-06-19,1824.0495
2013-06-20,1832.8401000000001
2013-06-21,1799.1427999999994
2013-06-22,1740.5387999999996
2013-06-26,1698.0509
2013-06-27,1676.0744
2013-06-28,1673.1442
2013-06-29,1676.0744
2013-06-30,1676.0744
2013-07-03,1762.5152999999996
2013-07-04,1778.6314
2013-07-05,1777.1662999999994
2013-07-06,1784.4917999999996
2013-07-07,1761.0502
2013-07-10,1759.5851000000002
2013-07-11,1774.2361
2013-07-12,1829.9098999999999
2013-07-13,1822.5844
2013-07-14,1774.2361
2013-07-17,1753.7247
2013-07-18,1780.0965
2013-07-19,1780.0965
2013-07-20,1799.1427999999994
2013-07-21,1834.3052
2013-07-24,1837.2354
2013-07-25,1805.0031999999999
2013-07-26,1805.0031999999999
2013-07-27,1805.0031999999999
2013-07-28,1805.0031999999999
2013-07-31,1805.0031999999999
2013-08-01,1805.0031999999999
2013-08-02,1887.0487999999996
2013-08-04,1952.9782999999995
2013-08-07,2007.1869999999997
2013-08-08,2073.1164999999996
2013-08-09,2105.3487
2013-08-10,2080.4419999999996
2013-08-14,2036.4889999999998
2013-08-15,1966.1642
2013-08-16,1972.0246000000002
2013-08-17,1983.7454
2013-08-18,2001.3266
2013-08-21,2007.1869999999997
2013-08-22,2013.0474
2013-08-23,2013.0474
2013-08-24,2257.7191000000003
2013-08-25,2329.509
2013-08-28,2392.5083
2013-08-29,2316.3231
2013-08-31,2289.9512999999997
2013-09-01,2200.5802
2013-09-04,2202.0452999999993
2013-09-05,2150.7667999999994
2013-09-06,2084.8372999999997
2013-09-07,2010.1172
2013-09-08,2027.6984
2013-09-11,2042.3493999999998
2013-09-12,2070.1862999999994
2013-09-13,2152.2318999999998
2013-09-14,2180.0687999999996
2013-09-15,2178.6037
2013-09-18,2147.8366
2013-09-19,2130.2554
2013-09-20,2109.7439999999997
2013-09-21,2174.2084
2013-09-22,2177.1386
2013-09-25,2181.5339
2013-10-02,2219.6265
2013-10-03,2273.8352
2013-10-04,2257.7191000000003
2013-10-05,2238.6727999999994
2013-10-06,2228.4171
2013-10-10,2196.1848999999997
2013-10-11,2162.4876
2013-10-12,2185.9292
2013-10-13,2210.8359
2013-10-16,2291.4164
2013-10-17,2291.4164
2013-10-18,2275.3002999999994
2013-10-19,2237.2077
2013-10-20,2224.0217999999995
2013-10-23,2212.301
2013-10-24,2180.0687999999996
2013-10-25,2100.9534
2013-10-26,2065.7909999999997
2013-10-27,2084.8372999999997
2013-10-30,2049.6749
2013-10-31,2068.7212
2013-11-01,2064.3259
2013-11-02,2096.5581
2013-11-03,2098.0232
2013-11-06,2014.5124999999998
2013-11-07,1963.2339999999997
2013-11-08,1972.0246000000002
2013-11-09,2036.4889999999998
2013-11-10,2039.4192
2013-11-14,2033.5587999999996
2013-11-15,2036.4889999999998
2013-11-16,2046.7447
2013-11-17,2055.5352999999996
2013-11-20,2055.5352999999996
2013-11-21,2054.0702
2013-11-22,2040.8842999999995
2013-11-23,2014.5124999999998
2013-11-24,2011.5822999999996
2013-11-27,1994.0011000000002
2013-11-28,1989.6057999999996
2013-11-29,2020.3728999999998
2013-11-30,2052.6051
2013-12-01,2020.3728999999998
2013-12-04,2010.1172
2013-12-05,1932.4669
2013-12-06,1945.6527999999996
2013-12-07,1955.9084999999998
2013-12-08,1960.3037999999995
2013-12-13,1958.8387
2013-12-14,1960.3037999999995
2013-12-15,1967.6292999999996
2013-12-18,1957.3736000000001
2013-12-19,1951.5131999999999
2013-12-20,1951.5131999999999
2013-12-21,1950.0481000000002
2013-12-22,1938.3272999999995
2013-12-25,1931.0017999999995
2013-12-26,1932.4669
2013-12-27,1933.9319999999998
2013-12-28,1932.4669
2013-12-29,1919.2809999999997
2014-01-01,1914.8857
2014-01-02,1910.4904
2014-01-03,1870.9327
2014-01-04,1866.5374
2014-01-05,1870.9327
2014-01-08,1888.5139
2014-01-09,1932.4669
2014-01-10,1938.3272999999995
2014-01-11,1939.7923999999998
2014-01-12,1941.2574999999997
2014-01-15,1938.3272999999995
2014-01-16,1936.8622
2014-01-17,1944.1877
2014-01-18,1931.0017999999995
2014-01-19,1926.6064999999996
2014-01-22,1894.3742999999995
2014-01-24,1878.2582
2014-01-25,1879.7232999999994
2014-01-26,1879.7232999999994
2014-01-29,1879.7232999999994
2014-01-30,1884.1186000000002
2014-01-31,1895.8393999999998
2014-02-01,1955.9084999999998
2014-02-02,1963.2339999999997
2014-02-05,1973.4897
2014-02-06,1977.8849999999998
2014-02-07,1977.8849999999998
2014-02-08,1972.0246000000002
2014-02-09,1969.0944
2014-02-12,1961.7689
2014-02-13,1920.7461
2014-02-14,1925.1414
2014-02-15,1920.7461
2014-02-16,1881.1884
2014-02-19,1897.3044999999997
2014-02-20,1898.7696
2014-02-21,1901.6997999999994
2014-02-22,1892.9092
2014-02-23,1895.8393999999998
2014-02-26,1920.7461
2014-02-27,1986.6756000000003
2014-03-01,2057.0004
2014-03-02,2139.046
2014-03-05,2185.9292
2014-03-06,2105.3487
2014-03-07,2108.2789
2014-03-08,2169.8131000000003
2014-03-09,2169.8131000000003
2014-03-12,2241.6029999999996
2014-03-13,2306.0674
2014-03-14,2361.7412
2014-03-15,2446.717
2014-03-16,2385.1828
2014-03-19,2360.2761
2014-03-20,2364.6713999999997
2014-03-21,2351.4855000000002
2014-03-22,2339.7647
2014-03-23,2260.6492999999996
2014-03-26,2215.2312
2014-03-27,2141.9762
2014-03-28,2141.9762
2014-03-29,2137.5809
2014-03-30,2162.4876
2014-04-03,2248.9284999999995
2014-04-04,2336.8345
2014-04-05,2407.1593000000003
2014-04-06,2493.6002
2014-04-09,2451.1123000000002
2014-04-10,2490.67
2014-04-11,2566.8552
2014-04-12,2650.3659
2014-04-13,2581.5062
2014-04-16,2499.4606000000003
2014-04-17,2574.1807
2014-04-18,2672.3424
2014-04-19,2771.9692000000005
2014-04-20,2842.294
2014-04-23,2792.4806000000003
2014-04-24,2714.8302999999996
2014-04-25,2615.2035
2014-04-26,2691.3887000000004
2014-04-27,2728.0162000000005
2014-04-30,2812.992
2014-05-01,2924.3396000000002
2014-05-02,2810.0618
2014-05-03,2856.945
2014-05-04,2766.1088
2014-05-07,2686.9934
2014-05-08,2758.7832999999996
2014-05-09,2776.3645
2014-05-10,2730.9464
2014-05-11,2761.7135
2014-05-14,2697.2491
2014-05-15,2599.0874
2014-05-17,2509.7163
2014-05-18,2518.5069
2014-05-21,2544.8787
2014-05-22,2645.9706
2014-05-23,2735.3417000000004
2014-05-25,2834.9685
2014-05-28,2946.3161
2014-05-29,2933.1302
2014-05-30,2817.3873
2014-05-31,2708.9699
2014-06-01,2796.8759
2014-06-04,2726.5511
2014-06-05,2619.5987999999998
2014-06-06,2517.0418
2014-06-07,2525.8324
2014-06-08,2610.8082000000004
2014-06-11,2645.9706
2014-06-12,2691.3887000000004
2014-06-15,2744.1322999999998
2014-06-18,2643.0404
2014-06-19,2544.8787
2014-06-20,2599.0874
2014-06-21,2590.2968
2014-06-22,2689.9236
2014-06-25,2678.2028
2014-06-26,2673.8075
2014-06-27,2580.0411000000004
2014-06-28,2580.0411000000004
2014-06-29,2580.0411000000004
2014-07-02,2506.7861000000003
2014-07-03,2811.5269
2014-07-04,2874.5262000000002
2014-07-05,2858.4101
2014-07-06,2832.0382999999997
2014-07-09,2728.0162000000005
2014-07-10,2704.5746000000004
2014-07-11,2689.9236
2014-07-12,2785.1551
2014-07-13,2823.2477000000003
2014-07-16,2817.3873
2014-07-17,2782.2248999999997
2014-07-18,2771.9692000000005
2014-07-19,2757.3182
2014-07-20,2851.0846
2014-07-24,2956.5717999999997
2014-07-25,2962.4322
2014-07-26,2862.8053999999997
2014-07-27,2788.0852999999997
2014-07-30,2728.0162000000005
2014-08-01,2708.9699
2014-08-03,2650.3659
2014-08-06,2691.3887000000004
2014-08-07,2771.9692000000005
2014-08-08,2720.6907
2014-08-09,2716.2954
2014-08-10,2720.6907
2014-08-13,2826.1779
2014-08-14,2830.5732000000003
2014-08-15,2906.7583999999997
2014-08-16,2944.851
2014-08-17,3037.1522999999997
2014-08-21,3086.9657
2014-08-22,3198.3133
2014-08-23,3322.8468
2014-08-24,3448.8454
2014-08-27,3579.2392999999997
2014-08-28,3721.3540000000003
2014-08-29,3823.9109999999996
2014-08-30,3860.5384999999997
2014-08-31,4011.4438
2014-09-03,3961.6304
2014-09-04,4119.8612
2014-09-05,4190.186
2014-09-06,4036.3504999999996
2014-09-07,3908.8867999999998
2014-09-10,4039.2807000000003
2014-09-11,3955.7699999999995
2014-09-12,3850.2828
2014-09-13,3703.7727999999997
2014-09-14,3661.2849
2014-09-17,3617.3319
2014-09-18,3476.6823
2014-09-19,3403.4273
2014-09-20,3368.2649
2014-09-21,3330.1722999999997
2014-09-24,3218.8247
2014-09-25,3321.3817000000004
2014-10-01,3415.1481000000003
2014-10-02,3516.2400000000002
2014-10-03,3479.6125
2014-10-04,3347.7535000000003
2014-10-05,3262.7777
2014-10-10,3249.5917999999997
2014-10-11,3251.0569
2014-10-12,3356.5441
2014-10-15,3265.7079
2014-10-16,3201.2435
2014-10-17,3289.1495
2014-10-18,3264.2428
2014-10-19,3234.9408
2014-10-22,3221.7549
2014-10-23,3252.522
2014-10-24,3196.8482000000004
2014-10-25,3199.7784
2014-10-26,3305.2656
2014-10-29,3432.7293
2014-10-30,3343.3582
2014-10-31,3251.0569
2014-11-01,3193.918
2014-11-05,3185.1274
2014-11-06,3177.8019
2014-11-07,3176.3368
2014-11-08,3234.9408
2014-11-09,3290.6146000000003
2014-11-12,3343.3582
2014-11-13,3256.9172999999996
2014-11-14,3328.7072000000003
2014-11-15,3296.475
2014-11-16,3410.7527999999998
2014-11-19,3529.4258999999997
2014-11-20,3527.9608
2014-11-21,3648.099
2014-11-22,3538.2165
2014-11-23,3473.7521
2014-11-26,3479.6125
2014-11-27,3464.9615
2014-11-28,3568.9836
2014-11-29,3510.3796
2014-11-30,3596.8205000000003
2014-12-03,3454.7057999999997
2014-12-04,3438.5897000000004
2014-12-05,3448.8454
2014-12-06,3388.7763
2014-12-07,3372.6602000000003
2014-12-10,3363.8696
2014-12-13,3240.8012000000003
2014-12-14,3114.8026
2014-12-17,3035.6872000000003
2014-12-18,3023.9664
2014-12-19,2903.8282000000004
2014-12-20,2990.2691
2014-12-21,2960.9671000000003
2014-12-24,2958.0369
2014-12-25,2861.3403
2014-12-27,2864.2705
2014-12-28,2810.0618
2014-12-31,2700.1793
2015-01-01,2593.227
2015-01-02,2537.5532
2015-01-03,2490.67
2015-01-04,2391.0432
2015-01-07,2480.4143
2015-01-08,2480.4143
2015-01-09,2572.7156
2015-01-10,2657.6913999999997
2015-01-11,2622.529
2015-01-14,2629.8545
2015-01-15,2555.1344
2015-01-16,2505.321
2015-01-17,2546.3438
2015-01-18,2599.0874
2015-01-21,2565.3901
2015-01-22,2540.4834
2015-01-23,2456.9727
2015-01-24,2374.9271000000003
2015-01-25,2404.2291
2015-01-28,2467.2284
2015-01-29,2398.3687
2015-01-30,2317.7882
2015-01-31,2342.6949
2015-02-01,2348.5553
2015-02-04,2341.2298
2015-02-05,2319.2533000000003
2015-02-06,2348.5553
2015-02-07,2437.9264
2015-02-08,2534.623
2015-02-11,2484.8096
2015-02-12,2414.4848
2015-02-13,2357.3459
2015-02-14,2298.7419
2015-02-15,2289.9512999999997
2015-02-18,2304.6023
2015-02-19,2291.4164
2015-02-20,2270.9049999999997
2015-02-21,2292.8815
2015-02-22,2273.8352
2015-02-25,2190.3244999999997
2015-02-28,2181.5339
2015-03-01,2243.0681
2015-03-04,2313.3929
2015-03-05,2300.207
2015-03-06,2278.2304999999997
2015-03-12,2307.5325000000003
2015-03-13,2389.5781
2015-03-14,2439.3915
2015-03-15,2420.3452
2015-03-18,2399.8338
2015-03-19,2369.0667
2015-03-20,2320.7183999999997
2015-03-21,2307.5325000000003
2015-03-25,2226.9519999999998
2015-03-26,2240.1378999999997
2015-03-27,2243.0681
2015-03-28,2326.5788000000002
2015-03-29,2383.7177
2015-04-01,2298.7419
2015-04-02,2295.8117
2015-04-03,2248.9284999999995
2015-04-04,2336.8345
2015-04-05,2429.1358
2015-04-08,2525.8324
2015-04-09,2615.2035
2015-04-10,2711.9001000000003
2015-04-11,2804.2014
2015-04-12,2915.549
2015-04-15,3029.8268
2015-04-16,3129.4536000000003
2015-04-17,3210.0341000000003
2015-04-18,3111.8723999999997
2015-04-19,2999.0597000000002
2015-04-22,3111.8723999999997
2015-04-23,3234.9408
2015-04-24,3341.8931000000002
2015-04-25,3393.1716
2015-04-26,3290.6146000000003
2015-04-29,3280.3588999999997
2015-04-30,3176.3368
2015-05-01,3101.6167000000005
2015-05-02,3133.8489
2015-05-03,3258.3824
2015-05-06,3387.3112
2015-05-07,3520.6353
2015-05-08,3661.2849
2015-05-09,3806.3298
2015-05-10,3952.8397999999997
2015-05-14,3809.2599999999993
2015-05-15,3702.3077000000003
2015-05-16,3596.8205000000003
2015-05-17,3740.4003
2015-05-20,3876.6546000000003
2015-05-21,3948.4444999999996
2015-05-22,4092.0243
2015-05-23,4253.1853
2015-05-24,4160.883999999999
2015-05-27,4053.9317
2015-05-28,4140.372600000001
2015-05-29,4096.4196
2015-05-30,3941.1189999999997
2015-05-31,3903.0263999999997
2015-06-05,3907.4217000000003
2015-06-06,3782.8882000000003
2015-06-07,3774.0976
2015-06-10,3845.8874999999994
2015-06-11,3933.7934999999993
2015-06-12,4017.3042000000005
2015-06-13,4099.3498
2015-06-14,4093.4894
2015-06-17,3974.8163
2015-06-18,3973.3512000000005
2015-06-19,4115.4659
2015-06-20,4279.5571
2015-06-21,4407.0208
2015-06-24,4351.347
2015-06-25,4373.3234999999995
2015-06-26,4516.9033
2015-06-27,4537.4147
2015-06-28,4395.299999999999
2015-07-01,4346.9517000000005
2015-07-02,4206.3021
2015-07-03,4134.5122
2015-07-04,4011.4438
2015-07-05,3942.5841
2015-07-08,3819.5157000000004
2015-07-09,3952.8397999999997
2015-07-10,3892.7707000000005
2015-07-11,3747.7257999999997
2015-07-12,3643.7037000000005
2015-07-16,3513.3098
2015-07-17,3563.1232000000005
2015-07-18,3684.7265
2015-07-19,3696.4473
2015-07-23,3549.9373
2015-07-24,3549.9373
2015-07-25,3548.4722
2015-07-26,3548.4722
2015-07-29,3548.4722
2015-07-30,3548.4722
2015-07-31,3529.4258999999997
2015-08-01,3400.4971
2015-08-02,3418.0782999999997
2015-08-05,3324.3119
2015-08-06,3273.0334
2015-08-07,3148.4999
2015-08-09,3221.7549
2015-08-12,3251.0569
2015-08-13,3281.824
2015-08-14,3412.2179
2015-08-15,3511.8447
2015-08-16,3649.5641
2015-08-19,3718.4238
2015-08-21,3643.7037000000005
2015-08-22,3517.7051
2015-08-23,3403.4273
2015-08-26,3368.2649
2015-08-27,3434.1944
2015-08-28,3533.8212000000003
2015-08-29,3510.3796
2015-08-30,3450.3105
2015-09-02,3457.636
2015-09-03,3404.8923999999997
2015-09-04,3287.6844
2015-09-05,3268.6381
2015-09-06,3274.4985
2015-09-09,3273.0334
2015-09-10,3160.2207000000003
2015-09-11,3169.0112999999997
2015-09-12,3179.2670000000003
2015-09-13,3163.1509
2015-09-16,3138.2442
2015-09-17,3110.4073
2015-09-18,3141.1744
2015-09-19,3072.3147000000004
2015-09-20,3110.4073
2015-09-23,3062.059
2015-09-24,3018.106
2015-09-25,2962.4322
2015-10-02,3000.5247999999997
2015-10-03,3003.455
2015-10-04,3091.361
2015-10-07,3119.1979
2015-10-08,3154.3603
2015-10-11,3161.6857999999997
2015-10-14,3169.0112999999997
2015-10-15,3173.4066000000003
2015-10-16,3186.5925
2015-10-17,3270.1032000000005
2015-10-18,3278.8938
2015-10-21,3249.5917999999997
2015-10-23,3215.8945
2015-10-24,3089.8959
2015-10-25,3204.1737000000003
2015-10-28,3155.8253999999997
2015-10-29,3274.4985
2015-10-30,3388.7763
2015-10-31,3523.5655
2015-11-01,3664.2151000000003
2015-11-04,3681.7963
2015-11-05,3598.2856
2015-11-06,3615.8668
2015-11-07,3495.7286000000004
2015-11-08,3580.7044
2015-11-11,3709.6332
2015-11-12,3845.8874999999994
2015-11-13,3727.2144
2015-11-14,3715.4936000000002
2015-11-15,3583.6346000000003
2015-11-18,3683.2614
2015-11-19,3825.3761000000004
2015-11-20,3718.4238
2015-11-21,3608.5413
2015-11-22,3558.7279
2015-11-25,3419.5434
2015-11-26,3473.7521
2015-11-27,3492.7984
2015-11-28,3456.1709
2015-11-29,3360.9393999999998
2015-12-02,3476.6823
2015-12-03,3611.4715
2015-12-04,3716.9587
2015-12-05,3862.0036
2015-12-06,3988.0022000000004
2015-12-09,4119.8612
2015-12-10,4235.6041000000005
2015-12-11,4253.1853
2015-12-16,4222.4182
2015-12-17,4216.5578
2015-12-18,4216.5578
2015-12-19,4049.5364
2015-12-20,3961.6304
2015-12-23,4116.931
2015-12-24,4083.2337
2015-12-25,4018.7693
2015-12-26,4162.3491
2015-12-27,4294.2081
2015-12-30,4465.6248
2015-12-31,4642.9019
2016-01-02,4827.5045
2016-01-03,5019.4326
2016-01-06,5220.1512999999995
2016-01-07,5425.2653
2016-01-08,5592.286699999998
2016-01-09,5680.192699999998
2016-01-10,5864.7953
2016-01-13,6084.5603
2016-01-14,5926.3295
2016-01-15,5697.773899999998
2016-01-16,5507.310899999999
2016-01-17,5697.773899999998
2016-01-20,5867.7255000000005
2016-01-21,5637.7047999999995
2016-01-22,5568.8451
2016-01-23,5350.545199999998
2016-01-24,5293.4063
2016-01-27,5305.1271
2016-01-28,5129.3151
2016-01-29,5007.7118
2016-01-30,5182.0587000000005
2016-01-31,5302.196899999998
2016-02-03,5101.4782000000005
2016-02-04,5098.548
2016-02-05,5164.4775
2016-02-07,5110.2688
2016-02-10,4985.7353
2016-02-11,4831.8998
2016-02-12,4927.1313
2016-02-13,4943.2474
2016-02-14,5105.8735
2016-02-18,5290.4761
2016-02-19,5431.125699999998
2016-02-20,5582.031
2016-02-21,5467.753199999998
2016-02-24,5265.5693999999985
2016-02-25,5078.0366
2016-02-26,5212.8258
2016-02-27,5375.451899999998
2016-02-28,5310.9875
2016-03-02,5108.8037
2016-03-03,4922.736
2016-03-04,5075.1064
2016-03-05,4922.736
2016-03-06,4916.8756
2016-03-09,4722.0172999999995
2016-03-10,4639.9717
2016-03-12,4537.4147
2016-03-13,4357.2074
2016-03-16,4184.3256
2016-03-17,4250.2551
2016-03-18,4415.8114
2016-03-19,4487.6013
2016-03-20,4644.367
2016-03-23,4770.3656
2016-03-24,4641.4367999999995
2016-03-25,4462.6946
2016-03-26,4509.5778
2016-03-27,4682.4596
2016-03-30,4850.9461
2016-03-31,4711.7616
2016-04-01,4884.6434
2016-04-02,4889.0387
2016-04-03,4779.1562
2016-04-06,4969.6192
2016-04-07,4960.8286
2016-04-08,4765.9703
2016-04-09,4723.4824
2016-04-10,4909.5501
2016-04-13,5086.827200000001
2016-04-14,5182.0587000000005
2016-04-15,5019.4326
2016-04-16,4848.0159
2016-04-17,4937.387
2016-04-20,5101.4782000000005
2016-04-21,4982.8051000000005
2016-04-22,4804.0629
2016-04-23,4616.5301
2016-04-27,4730.8079
2016-04-28,4556.460999999999
2016-04-29,4594.5536
2016-04-30,4651.6925
2016-05-01,4767.4354
2016-05-04,4909.5501
2016-05-05,4820.179
2016-05-06,4836.2951
2016-05-07,4924.2011
2016-05-08,5066.315799999999
2016-05-11,5051.6648
2016-05-12,5157.152
2016-05-13,5286.0808
2016-05-14,5492.659899999998
2016-05-15,5507.310899999999
2016-05-18,5538.078
2016-05-19,5328.568699999998
2016-05-20,5308.0572999999995
2016-05-21,5513.1713
2016-05-25,5732.9363
2016-05-26,5961.491899999998
2016-05-27,6197.3730000000005
2016-05-28,6444.974899999998
2016-05-29,6641.2982999999995
2016-06-01,6667.670099999999
2016-06-02,6792.2036
2016-06-03,7004.643099999999
2016-06-04,6780.4828
2016-06-05,6543.1366
2016-06-08,6792.2036
2016-06-09,7063.2471
2016-06-10,7343.081199999998
2016-06-11,7625.8454999999985
2016-06-12,7877.842699999998
2016-06-15,7854.4011
2016-06-16,8167.932499999999
2016-06-17,8494.6498
2016-06-18,8831.6228
2016-06-19,9159.805199999999
2016-06-22,9361.989
2016-06-23,9735.589499999998
2016-06-24,10000.7726
2016-06-25,9657.939199999999
2016-06-26,9993.4471
2016-06-29,9993.4471
2016-06-30,9993.4471
2016-07-02,9993.4471
2016-07-03,9993.4471
2016-07-06,10481.325399999998
2016-07-07,10635.160899999999
2016-07-08,10742.1132
2016-07-10,10482.790500000001
2016-07-13,10249.8396
2016-07-14,9871.8438
2016-07-15,9580.288899999998
2016-07-16,9616.916399999998
2016-07-17,9943.633699999998
2016-07-20,9577.358699999999
2016-07-21,9205.2233
2016-07-22,8878.506
2016-07-23,8613.322899999997
2016-07-24,8613.322899999997
2016-07-27,8613.322899999997
2016-07-29,8613.322899999997
2016-07-30,7149.688
2016-07-31,6863.9935000000005
2016-08-03,6590.0198
2016-08-04,6424.4635
2016-08-05,6415.672899999999
2016-08-06,6525.555399999998
2016-08-07,6764.366699999998
2016-08-10,7033.9451
2016-08-11,6935.783399999998
2016-08-12,6872.7841
2016-08-13,6609.0661
2016-08-14,6395.1615
2016-08-17,6383.440699999998
2016-08-18,6137.303899999998
2016-08-19,5914.608699999998
2016-08-21,5911.6785
2016-08-24,5716.820199999998
2016-08-25,5851.6093999999985
2016-08-26,6017.165699999998
2016-08-27,5847.214099999999
2016-08-28,6080.165
2016-08-31,6298.464899999998
2016-09-01,6524.0903
2016-09-02,6365.8595000000005
2016-09-03,6316.0461
2016-09-04,6061.118699999998
2016-09-07,6141.699199999998
2016-09-08,6020.095899999998
2016-09-09,5930.7248
2016-09-10,5747.5873
2016-09-11,5952.7013
2016-09-14,5860.400000000001
2016-09-15,5631.844399999998
2016-09-16,5431.125699999998
2016-09-17,5302.196899999998
2016-09-18,5154.2218
2016-09-21,5356.4056
2016-09-22,5529.287399999998
2016-09-23,5735.8665
2016-09-24,5746.122199999998
2016-09-25,5877.981199999998
2016-10-01,6090.420699999998
2016-10-01,6090.420699999998
2016-10-02,5876.5161
2016-10-02,5876.5161
2016-10-05,5894.097299999999
2016-10-05,5894.097299999999
2016-10-06,6122.652899999998
2016-10-06,6122.652899999998
2016-10-07,6349.7433999999985
2016-10-07,6349.7433999999985
2016-10-12,6468.4165
2016-10-12,6468.4165
2016-10-13,6228.1401
2016-10-13,6228.1401
2016-10-14,6263.3025
2016-10-14,6263.3025
2016-10-15,6487.4628
2016-10-15,6487.4628
2016-10-16,6276.488399999998
2016-10-16,6276.488399999998
2016-10-19,6110.9321
2016-10-19,6110.9321
2016-10-20,5987.863699999998
2016-10-20,5987.863699999998
2016-10-21,5973.212699999998
2016-10-21,5973.212699999998
2016-10-22,5751.982599999999
2016-10-22,5751.982599999999
2016-10-23,5735.8665
2016-10-23,5735.8665
2016-10-26,5625.984
2016-10-26,5625.984
2016-10-27,5539.5431
2016-10-27,5539.5431
2016-10-28,5516.1015
2016-10-28,5516.1015
2016-10-29,5365.196199999998
2016-10-29,5365.196199999998
2016-10-30,5294.871399999998
2016-10-30,5294.871399999998
2016-11-02,5505.8458
2016-11-02,5505.8458
2016-11-03,5656.7510999999995
2016-11-03,5656.7510999999995
2016-11-04,5580.565899999999
2016-11-04,5580.565899999999
2016-11-05,5740.2618
2016-11-05,5740.2618
2016-11-06,5549.7988
2016-11-06,5549.7988
2016-11-09,5344.6848
2016-11-09,5344.6848
2016-11-10,5163.0124
2016-11-10,5163.0124
2016-11-11,4997.4561
2016-11-11,4997.4561
2016-11-12,4850.9461
2016-11-12,4850.9461
2016-11-13,4988.6655
2016-11-13,4988.6655
2016-11-16,4839.2253
2016-11-16,4839.2253
2016-11-17,4757.179700000001
2016-11-17,4757.179700000001
2016-11-18,4777.6911
2016-11-18,4777.6911
2016-11-20,4836.2951
2016-11-20,4836.2951
2016-11-23,4644.367
2016-11-23,4644.367
2016-11-24,4760.1099
2016-11-24,4760.1099
2016-11-25,4680.9945
2016-11-25,4680.9945
2016-11-26,4682.4596
2016-11-26,4682.4596
2016-11-27,4831.8998
2016-11-27,4831.8998
2016-11-30,5023.8279
2016-11-30,5023.8279
2016-12-01,5130.7802
2016-12-01,5130.7802
2016-12-02,4974.0145
2016-12-02,4974.0145
2016-12-04,4919.8058
2016-12-04,4919.8058
2016-12-07,4969.6192
2016-12-07,4969.6192
2016-12-08,4780.6213
2016-12-08,4780.6213
2016-12-09,4812.8535
2016-12-09,4812.8535
2016-12-10,4855.3414
2016-12-10,4855.3414
2016-12-14,4685.3898
2016-12-14,4685.3898
2016-12-15,4666.3435
2016-12-15,4666.3435
2016-12-16,4556.460999999999
2016-12-16,4556.460999999999
2016-12-17,4398.2302
2016-12-17,4398.2302
2016-12-18,4324.9752
2016-12-18,4324.9752
2016-12-21,4272.2316
2016-12-21,4272.2316
2016-12-22,4102.28
2016-12-22,4102.28
2016-12-23,4257.5806
2016-12-23,4257.5806
2016-12-24,4201.9068
2016-12-24,4201.9068
2016-12-25,4326.4403
2016-12-25,4326.4403
2016-12-28,4190.186
2016-12-28,4190.186
2016-12-29,4037.8156000000004
2016-12-29,4037.8156000000004
2016-12-30,3917.6774
2016-12-30,3917.6774
2016-12-31,3804.8647
2016-12-31,3804.8647
2017-01-01,3801.9344999999994
2017-01-01,3801.9344999999994
2017-01-04,3664.2151000000003
2017-01-04,3664.2151000000003
2017-01-05,3522.1004
2017-01-05,3522.1004
2017-01-06,3527.9608
2017-01-06,3527.9608
2017-01-07,3630.5177999999996
2017-01-07,3630.5177999999996
2017-01-08,3670.0755
2017-01-08,3670.0755
2017-01-11,3730.1446
2017-01-11,3730.1446
2017-01-12,3875.1894999999995
2017-01-12,3875.1894999999995
2017-01-13,3995.3277000000003
2017-01-13,3995.3277000000003
2017-01-14,4135.9773
2017-01-14,4135.9773
2017-01-15,4253.1853
2017-01-15,4253.1853
2017-01-18,4245.8598
2017-01-18,4245.8598
2017-01-19,4086.1639
2017-01-19,4086.1639
2017-01-20,4111.0706
2017-01-20,4111.0706
2017-01-21,4115.4659
2017-01-21,4115.4659
2017-01-22,4253.1853
2017-01-22,4253.1853
2017-01-26,4385.0443
2017-01-26,4385.0443
2017-01-27,4546.2053
2017-01-27,4546.2053
2017-01-28,4701.5059
2017-01-28,4701.5059
2017-01-29,4858.2716
2017-01-29,4858.2716
2017-02-01,4678.0643
2017-02-01,4678.0643
2017-02-02,4745.4589
2017-02-02,4745.4589
2017-02-03,4878.783
2017-02-03,4878.783
2017-02-08,4732.273
2017-02-08,4732.273
2017-02-09,4635.5764
2017-02-09,4635.5764
2017-02-10,4688.32
2017-02-10,4688.32
2017-02-11,4726.412600000001
2017-02-11,4726.412600000001
2017-02-12,4688.32
2017-02-12,4688.32
2017-02-15,4631.1811
2017-02-15,4631.1811
2017-02-16,4487.6013
2017-02-16,4487.6013
2017-02-17,4664.8784
2017-02-17,4664.8784
2017-02-18,4845.0857000000005
2017-02-18,4845.0857000000005
2017-02-19,4966.689
2017-02-19,4966.689
2017-02-22,5094.152700000001
2017-02-22,5094.152700000001
2017-02-23,5010.642
2017-02-23,5010.642
2017-02-24,5054.595
2017-02-24,5054.595
2017-02-25,5094.152700000001
2017-02-25,5094.152700000001
2017-02-26,4987.2004
2017-02-26,4987.2004
2017-03-01,4987.2004
2017-03-01,4987.2004
2017-03-02,4663.4133
2017-03-02,4663.4133
2017-03-03,4571.111999999999
2017-03-03,4571.111999999999
2017-03-04,4656.0878
2017-03-04,4656.0878
2017-03-05,4591.6234
2017-03-05,4591.6234
2017-03-08,4426.0671
2017-03-08,4426.0671
2017-03-09,4426.0671
2017-03-09,4426.0671
2017-03-10,4426.0671
2017-03-10,4426.0671
2017-03-11,4450.9738
2017-03-11,4450.9738
2017-03-12,4393.8349
2017-03-12,4393.8349
2017-03-15,4247.3249
2017-03-15,4247.3249
2017-03-16,4089.0941000000003
2017-03-16,4089.0941000000003
2017-03-17,4125.7216
2017-03-17,4125.7216
2017-03-18,4270.7665
2017-03-18,4270.7665
2017-03-19,4124.2564999999995
2017-03-19,4124.2564999999995
2017-03-22,3963.0954999999994
2017-03-22,3963.0954999999994
2017-03-23,3891.3056
2017-03-23,3891.3056
2017-03-24,3941.1189999999997
2017-03-24,3941.1189999999997
2017-03-25,3823.9109999999996
2017-03-25,3823.9109999999996
2017-03-26,3788.7486000000004
2017-03-26,3788.7486000000004
2017-03-29,3932.3284
2017-03-29,3932.3284
2017-03-30,3946.9794
2017-03-30,3946.9794
2017-03-31,3895.7009
2017-03-31,3895.7009
2017-04-01,4001.1881000000003
2017-04-01,4001.1881000000003
2017-04-02,4133.0471
2017-04-02,4133.0471
2017-04-05,4138.907499999999
2017-04-05,4138.907499999999
2017-04-06,4298.6034
2017-04-06,4298.6034
2017-04-07,4358.6725
2017-04-07,4358.6725
2017-04-08,4248.789999999999
2017-04-08,4248.789999999999
2017-04-09,4242.9296
2017-04-09,4242.9296
2017-04-12,4407.0208
2017-04-12,4407.0208
2017-04-14,4566.7167
2017-04-14,4566.7167
2017-04-15,4443.6483
2017-04-15,4443.6483
2017-04-16,4581.367700000001
2017-04-16,4581.367700000001
2017-04-19,4757.179700000001
2017-04-19,4757.179700000001
2017-04-20,4915.4105
2017-04-20,4915.4105
2017-04-22,4868.5273
2017-04-22,4868.5273
2017-04-23,4748.3891
2017-04-23,4748.3891
2017-04-26,4749.854200000001
2017-04-26,4749.854200000001
2017-04-27,4924.2011
2017-04-27,4924.2011
2017-04-28,5120.5245
2017-04-28,5120.5245
2017-04-29,5321.243199999998
2017-04-29,5321.243199999998
2017-04-30,5466.2881
2017-04-30,5466.2881
2017-05-03,5646.495399999998
2017-05-03,5646.495399999998
2017-05-04,5813.516799999999
2017-05-05,5998.119399999999
2017-05-06,6188.582399999998
2017-05-07,6119.722699999998
2017-05-10,6231.0703
2017-05-11,6409.8125
2017-05-14,6653.0190999999995
2017-05-17,6792.2036
2017-05-18,6641.2982999999995
2017-05-19,6732.1345
2017-05-20,6982.6666
2017-05-21,7240.524199999998
2017-05-24,7385.5691
2017-05-25,7556.9857999999995
2017-05-26,7406.0805
2017-05-27,7356.2671
2017-05-28,7332.8255
2017-05-31,7578.9623
2017-06-01,7869.0521
2017-06-02,8115.188899999998
2017-06-03,7791.4018
2017-06-04,7682.9843999999985
2017-06-07,7766.4951
2017-06-08,7526.218699999998
2017-06-09,7231.7336
2017-06-10,7095.4793
2017-06-11,7058.8517999999995
2017-06-14,7058.8517999999995
2017-06-15,7057.386699999998
2017-06-16,7004.643099999999
2017-06-17,6994.387399999999
2017-06-18,6973.876
2017-06-22,6970.9457999999995
2017-06-23,6970.9457999999995
2017-06-24,6944.5740000000005
2017-06-25,6944.5740000000005
2017-06-28,6141.699199999998
2017-06-30,5930.7248
2017-07-02,5727.075899999998
2017-07-05,5604.0075
2017-07-06,5822.307399999998
2017-07-07,5924.864399999999
2017-07-08,5787.145
2017-07-09,5562.984699999998
2017-07-12,5369.5915
2017-07-13,5460.427699999998
2017-07-14,5284.615699999998
2017-07-15,5098.548
2017-07-16,4921.2708999999995
2017-07-19,4780.6213
2017-07-20,4607.7395
2017-07-21,4782.0864
2017-07-22,4620.9254
2017-07-23,4742.528700000001
2017-07-26,4742.528700000001
2017-07-27,4742.528700000001
2017-07-28,4508.112700000001
2017-07-29,4508.112700000001
2017-07-30,4508.112700000001
2017-08-02,4508.112700000001
2017-08-03,4064.1874
2017-08-04,3925.0029
2017-08-05,3999.7229999999995
2017-08-06,4118.3961
2017-08-09,4282.4873
2017-08-10,4424.602
2017-08-11,4559.3912
2017-08-12,4729.342799999999
2017-08-13,4875.8528
2017-08-16,4765.9703
2017-08-17,4585.763
2017-08-18,4412.881200000001
2017-08-19,4326.4403
2017-08-23,4497.856999999999
2017-08-24,4629.716
2017-08-25,4716.1569
2017-08-26,4559.3912
2017-08-27,4559.3912
2017-08-30,4276.6269
2017-08-31,4283.9524
2017-09-01,4131.581999999999
2017-09-02,4070.0478
2017-09-03,4102.28
2017-09-06,4261.9759
2017-09-07,4251.720200000001
2017-09-08,4244.394700000001
2017-09-09,4179.9303
2017-09-10,4231.208799999999
2017-09-13,4382.1141
2017-09-14,4385.0443
2017-09-15,4232.6739
2017-09-16,4077.3732999999997
2017-09-17,4084.6987999999997
2017-09-20,4235.6041000000005
2017-09-21,4398.2302
2017-09-22,4398.2302
2017-09-23,4273.6967
2017-09-24,4377.7188
2017-10-01,4313.2544
2017-10-04,4478.8107
2017-10-05,4656.0878
2017-10-06,4480.275799999999
2017-10-07,4412.881200000001
2017-10-11,4575.5073
2017-10-12,4757.179700000001
2017-10-13,4919.8058
2017-10-14,5101.4782000000005
2017-10-15,5280.220399999998
2017-10-18,5478.008899999998
2017-10-19,5277.290199999998
2017-10-20,5102.9433
2017-10-21,5283.1506
2017-10-22,5447.2418
2017-10-25,5284.615699999998
2017-10-26,5432.5908
2017-10-27,5227.4767999999995
2017-10-28,5089.7574
2017-10-29,5149.8265
2017-11-01,5006.246700000001
2017-11-02,5143.966100000001
2017-11-03,4941.7823
2017-11-04,5001.8514
2017-11-05,4915.4105
2017-11-09,4777.6911
2017-11-10,4590.1583
2017-11-11,4449.5087
2017-11-12,4449.5087
2017-11-15,4320.5799
2017-11-16,4194.5813
2017-11-17,4335.2309
2017-11-18,4409.950999999999
2017-11-19,4371.8584
2017-11-23,4395.299999999999
2017-11-24,4566.7167
2017-11-25,4701.5059
2017-11-26,4871.4575
2017-11-29,4641.4367999999995
2017-11-30,4424.602
2017-12-01,4484.6711000000005
2017-12-02,4327.9054
2017-12-03,4365.998
2017-12-06,4260.5108
2017-12-07,4379.1839
2017-12-08,4511.0429
2017-12-09,4462.6946
2017-12-13,4418.7416
2017-12-14,4241.464499999999
2017-12-15,4046.6062
2017-12-16,3854.6781
2017-12-17,3886.9103
2017-12-20,3952.8397999999997
2017-12-21,4002.6532
2017-12-22,3926.4679999999994
2017-12-23,3872.2592999999997
2017-12-24,4064.1874
2017-12-27,4116.931
2017-12-28,4157.9538
2017-12-29,4322.044999999999
2017-12-30,4511.0429
2017-12-31,4528.6241
2018-01-03,4420.206700000001
2018-01-04,4335.2309
2018-01-05,4374.7886
2018-01-06,4535.9496
2018-01-07,4553.5307999999995
2018-01-10,4765.9703
2018-01-11,4773.2958
2018-01-12,4872.9226
2018-01-13,4874.3877
2018-01-17,4801.1327
2018-01-18,4896.3642
2018-01-19,5110.2688
2018-01-20,5110.2688
2018-01-21,5110.2688
2018-01-25,5110.2688
2018-01-26,5110.2688
2018-01-27,5110.2688
2018-01-28,5110.2688
2018-01-31,5110.2688
2018-02-01,5110.2688
2018-02-02,4324.9752
2018-02-03,4248.789999999999
2018-02-04,4354.2772
2018-02-07,4358.6725
2018-02-08,4260.5108
2018-02-09,4351.347
2018-02-10,4319.1148
2018-02-11,4276.6269
2018-02-14,4228.278600000001
2018-02-15,4087.6289999999995
2018-02-16,4062.7223
2018-02-18,3998.2579
2018-02-21,4015.8391
2018-02-22,4045.1411000000003
2018-02-23,4068.5827000000004
2018-02-24,4045.1411000000003
2018-02-25,4071.5129
2018-02-28,4223.8832999999995
2018-03-01,4149.1632
2018-03-02,4093.4894
2018-03-03,3946.9794
2018-03-04,3888.3754
2018-03-07,3966.0257
2018-03-08,3939.6539
2018-03-09,3963.0954999999994
2018-03-10,4020.2344
2018-03-11,4075.9082000000003
2018-03-14,4223.8832999999995
2018-03-15,4187.2558
2018-03-16,4105.2102
2018-03-17,4118.3961
2018-03-18,4135.9773
2018-03-21,3985.0719999999997
2018-03-22,3891.3056
2018-03-23,3895.7009
2018-03-24,3832.7016000000003
2018-03-25,3860.5384999999997
2018-03-28,3848.8177000000005
2018-03-29,3696.4473
2018-03-30,3642.2386
2018-03-31,3668.6104
2018-04-01,3690.5869
2018-04-04,3674.4708
2018-04-05,3684.7265
2018-04-06,3820.9808
2018-04-07,3797.5392
2018-04-08,3668.6104
2018-04-11,3623.1922999999997
2018-04-12,3621.7272000000003
2018-04-13,3629.0527
2018-04-14,3607.0762000000004
2018-04-15,3539.6816000000003
2018-04-18,3533.8212000000003
2018-04-19,3530.891
2018-04-20,3561.6581
2018-04-21,3699.3775
2018-04-22,3878.1197
2018-04-25,4036.3504999999996
2018-04-26,4001.1881000000003
2018-04-27,3942.5841
2018-04-28,4004.1182999999996
2018-04-29,3920.6076000000003
2018-05-03,3734.5398999999998
2018-05-04,3731.6097000000004
2018-05-05,3716.9587
2018-05-06,3681.7963
2018-05-09,3671.5406000000003
2018-05-10,3840.0271000000002
2018-05-11,3957.2351000000003
2018-05-12,3897.1659999999997
2018-05-13,4012.9089
2018-05-16,3977.7464999999993
2018-05-17,3932.3284
2018-05-18,3945.5143
2018-05-19,3883.9801
2018-05-20,3778.4928999999997
2018-05-23,3715.4936000000002
2018-05-24,3759.4466
2018-05-25,3759.4466
2018-05-26,3759.4466
2018-05-27,3759.4466
2018-05-30,3759.4466
2018-05-31,3504.5192
2018-06-01,3438.5897000000004
2018-06-02,3457.636
2018-06-03,3407.8226
2018-06-06,3388.7763
2018-06-07,3372.6602000000003
2018-06-08,3368.2649
2018-06-09,3293.5447999999997
2018-06-13,3324.3119
2018-06-14,3239.3361
2018-06-15,3103.0818
2018-06-16,3069.3845
2018-06-17,3136.7791
2018-06-21,3267.1730000000002
2018-06-22,3179.2670000000003
2018-06-23,3164.616
2018-06-23,3164.616
2018-06-24,3120.663
2018-06-27,2994.6644
2018-06-28,2848.1544
2018-06-29,2722.1558
2018-06-30,2638.6451
2018-07-01,2632.7847
2018-07-04,2621.0639
2018-07-05,2717.7605
2018-07-06,2769.039
2018-07-08,2795.4107999999997
2018-07-11,2675.2726000000002
2018-07-12,2675.2726000000002
2018-07-13,2675.2726000000002
2018-07-14,2890.6423
2018-07-15,2852.5497000000005
2018-07-18,2779.2947000000004
2018-07-19,2744.1322999999998
2018-07-20,2815.9222000000004
2018-07-21,2956.5717999999997
2018-07-22,3088.4307999999996
2018-07-25,3236.4058999999997
2018-07-26,3251.0569
2018-07-27,3100.1516
2018-07-28,3242.2663
2018-07-29,3171.9415
2018-08-01,3319.9166
2018-08-02,3482.5427000000004
2018-08-03,3560.193
2018-08-04,3692.052
2018-08-05,3800.4694
2018-08-08,3848.8177000000005
2018-08-09,3744.7956000000004
2018-08-10,3895.7009
2018-08-11,3941.1189999999997
2018-08-12,3938.1888
2018-08-15,4125.7216
2018-08-16,4166.7444
2018-08-17,4311.7892999999995
2018-08-18,4428.9973
2018-08-19,4314.719499999999
2018-08-22,4138.907499999999
2018-08-23,4147.6981000000005
2018-08-24,4351.347
2018-08-25,4557.926100000001
2018-08-26,4785.0166
2018-08-29,4836.2951
2018-08-30,4597.4838
2018-08-31,4811.3884
2018-09-01,4764.5052000000005
2018-09-02,4745.4589
2018-09-05,4966.689
2018-09-06,5209.8956
2018-09-07,5312.4526
2018-09-08,5312.4526
2018-09-09,5098.548
2018-09-12,5165.9426
2018-09-13,5368.126399999998
2018-09-14,5614.263199999998
2018-09-15,5501.4505
2018-09-16,5488.2645999999995
2018-09-19,5489.729699999998
2018-09-21,5562.984699999998
2018-09-22,5642.1001
2018-09-23,5877.981199999998
2018-10-03,6144.629399999998
2018-10-04,6333.6273
2018-10-05,6052.3281
2018-10-06,5996.6543
2018-10-07,6115.327399999998
2018-10-10,5847.214099999999
2018-10-11,5659.6813
2018-10-12,5683.1228999999985
2018-10-13,5795.9356
2018-10-14,5731.471199999998
2018-10-17,5718.2853
2018-10-18,5627.4491
2018-10-19,5592.286699999998
2018-10-20,5337.3593
2018-10-21,5094.152700000001
2018-10-24,4853.8763
2018-10-25,4682.4596
2018-10-26,4905.1548
2018-10-27,4881.7132
2018-10-28,4675.1341
2018-10-31,4639.9717
2018-11-01,4758.6448
2018-11-02,4971.0842999999995
2018-11-03,5088.2923
2018-11-04,5220.1512999999995
2018-11-07,4998.921200000001
2018-11-08,4852.4112000000005
2018-11-09,4776.226
2018-11-10,4878.783
2018-11-11,4883.1783
2018-11-14,4792.3421
2018-11-15,4669.273700000001
2018-11-16,4793.8072
2018-11-17,4767.4354
2018-11-18,4546.2053
2018-11-21,4670.7388
2018-11-22,4601.8791
2018-11-23,4530.0892
2018-11-24,4701.5059
2018-11-25,4695.6455
2018-11-28,4717.622
2018-11-30,4859.7367
2018-12-01,4811.3884
2018-12-02,4786.4817
2018-12-05,4716.1569
2018-12-06,4588.693200000001
2018-12-07,4380.648999999999
2018-12-08,4193.1162
2018-12-09,4220.953100000001
2018-12-13,4380.648999999999
2018-12-14,4512.508
2018-12-15,4531.5543
2018-12-16,4323.5101
2018-12-19,4128.6518
2018-12-20,3939.6539
2018-12-21,4074.4431
2018-12-22,4070.0478
2018-12-23,4266.3712000000005
2018-12-26,4301.5336
2018-12-27,4118.3961
2018-12-28,4133.0471
2018-12-29,4225.3484
2018-12-30,4415.8114
2019-01-02,4434.8577000000005
2019-01-03,4609.2046
2019-01-05,4831.8998
2019-01-06,4745.4589
2019-01-09,4713.2267
2019-01-10,4742.528700000001
2019-01-11,4625.3207
2019-01-12,4556.460999999999
2019-01-16,4556.460999999999
2019-01-17,4493.461700000001
2019-01-18,4486.1362
2019-01-19,4398.2302
2019-01-20,4251.720200000001
2019-01-23,4251.720200000001
2019-01-24,4251.720200000001
2019-01-25,4251.720200000001
2019-01-26,4251.720200000001
2019-01-27,4251.720200000001
2019-01-30,4251.720200000001
2019-01-31,4251.720200000001
2019-02-01,4409.950999999999
2019-02-02,4349.8819
2019-02-03,4385.0443
2019-02-07,4261.9759
2019-02-08,4222.4182
2019-02-09,4074.4431
2019-02-10,4115.4659
2019-02-13,4279.5571
2019-02-14,4267.8363
2019-02-15,4414.3463
2019-02-16,4283.9524
2019-02-17,4146.232999999999
2019-02-20,4209.2323
2019-02-21,4380.648999999999
2019-02-22,4379.1839
2019-02-23,4256.1155
2019-02-24,4209.2323
2019-02-27,4196.0464
2019-02-28,4130.1169
2019-03-01,4122.7914
2019-03-02,4121.3263
2019-03-03,4103.7451
2019-03-06,4071.5129
2019-03-07,3996.7927999999997
2019-03-08,3999.7229999999995
2019-03-09,3985.0719999999997
2019-03-10,3914.7472000000002
2019-03-13,3797.5392
2019-03-14,3700.8426000000004
2019-03-15,3730.1446
2019-03-16,3769.7023
2019-03-17,3856.1432000000004
2019-03-20,3831.2364999999995
2019-03-21,3804.8647
2019-03-21,3804.8647
2019-03-21,3804.8647
2019-03-23,3942.5841
2019-03-23,3942.5841
2019-03-24,4133.0471
2019-03-27,4116.931
2019-03-28,4250.2551
2019-03-29,4119.8612
2019-03-31,4124.2564999999995
2019-04-03,4207.7672
2019-04-04,4407.0208
2019-04-05,4613.5999
2019-04-06,4837.760200000001
2019-04-07,4932.9917000000005
2019-04-10,4729.342799999999
2019-04-11,4865.5971
2019-04-12,4634.1113
2019-04-13,4634.1113
2019-04-14,4543.2751
2019-04-17,4672.2038999999995
2019-04-18,4828.9696
2019-04-19,4754.2495
2019-04-21,4754.2495
2019-04-24,4815.7837
2019-04-25,4761.575
2019-04-26,4707.3663
2019-04-27,4651.6925
2019-04-28,4804.0629
2019-05-01,5009.1769
2019-05-02,4883.1783
2019-05-03,4963.7588
2019-05-04,4839.2253
2019-05-05,4918.340700000001
2019-05-07,4918.340700000001
2019-05-08,4893.434
2019-05-09,4713.2267
2019-05-10,4726.412600000001
2019-05-11,4654.6227
2019-05-12,4645.8321000000005
2019-05-15,4648.762299999999
2019-05-16,4654.6227
2019-05-17,4711.7616
2019-05-18,4743.9938
2019-05-19,4513.9731
2019-05-22,4541.8099999999995
2019-05-23,4763.0401
2019-05-24,4968.154100000001
2019-05-25,4949.1078
2019-05-26,5048.7346
2019-05-29,5048.7346
2019-05-31,5048.7346
2019-06-01,5048.7346
2019-06-02,5048.7346
2019-06-05,5048.7346
2019-06-06,5048.7346
2019-06-08,5048.7346
2019-06-12,5048.7346
2019-06-13,5048.7346
2019-06-14,5048.7346
2019-06-15,5048.7346
2019-06-16,5048.7346
2019-06-19,5048.7346
2019-06-20,5048.7346
2019-06-21,5048.7346
2019-06-22,5048.7346
2019-06-23,5048.7346
2019-06-27,5048.7346
2019-06-28,5048.7346
2019-06-29,5048.7346
2019-06-30,5048.7346
2019-07-03,5048.7346
2019-07-04,4165.2793
2019-07-05,3966.0257
2019-07-06,3822.4459
2019-07-07,3753.5862
2019-07-10,3892.7707000000005
2019-07-11,3777.0278
2019-07-12,3725.7493
2019-07-13,3549.9373
2019-07-14,3387.3112
2019-07-17,3399.032
2019-07-18,3375.5904
2019-07-19,3441.5199
2019-07-21,3353.6139
2019-07-24,3435.6595
2019-07-25,3349.2186
2019-07-26,3349.2186
2019-07-27,3349.2186
2019-07-28,3349.2186
2019-07-31,3349.2186
2019-08-01,3246.6616000000004
2019-08-02,3246.6616000000004
2019-08-03,3410.7527999999998
2019-08-04,3377.0555
2019-08-07,3296.475
2019-08-08,3270.1032000000005
2019-08-09,3369.73
2019-08-10,3356.5441
2019-08-11,3324.3119
2019-08-14,3243.7314
2019-08-15,3186.5925
2019-08-16,3190.9878
2019-08-17,3211.4992
2019-08-18,3220.2898
2019-08-21,3245.1965
2019-08-22,3337.4977999999996
2019-08-23,3227.6153
2019-08-24,3277.4287000000004
2019-08-25,3253.9871000000003
2019-08-28,3252.522
2019-08-29,3343.3582
2019-08-30,3397.5669
2019-08-31,3344.8233
2019-09-01,3292.0797000000002
2019-09-04,3360.9393999999998
2019-09-05,3340.428
2019-09-06,3372.6602000000003
2019-09-07,3295.0099
2019-09-08,3271.5683
2019-09-11,3236.4058999999997
2019-09-12,3207.1039
2019-09-13,3173.4066000000003
2019-09-14,3167.5462
2019-09-15,3127.9885
2019-09-18,3062.059
2019-09-19,3208.569
2019-09-20,3207.1039
2019-09-21,3259.8475
2019-09-22,3406.3575
2019-09-25,3541.1467000000002
2019-10-02,3626.1225
2019-10-03,3779.9579999999996
2019-10-04,3721.3540000000003
2019-10-05,3785.8184
2019-10-06,3823.9109999999996
2019-10-11,3873.7244
2019-10-12,3744.7956000000004
2019-10-13,3759.4466
2019-10-16,3583.6346000000003
2019-10-17,3645.1688
2019-10-18,3788.7486000000004
2019-10-20,3618.797
2019-10-23,3637.8433
2019-10-24,3712.5634
2019-10-25,3794.6089999999995
2019-10-26,3673.0057
2019-10-27,3611.4715
2019-10-30,3576.3091000000004
2019-10-31,3579.2392999999997
2019-11-01,3665.6802000000002
2019-11-03,3629.0527
2019-11-06,3585.0997
2019-11-07,3727.2144
2019-11-08,3746.2607000000003
2019-11-09,3747.7257999999997
2019-11-10,3904.4914999999996
2019-11-13,4099.3498
2019-11-14,4212.162499999999
2019-11-15,4261.9759
2019-11-16,4150.628299999999
2019-11-17,4150.628299999999
2019-11-20,4150.628299999999
2019-11-21,4150.628299999999
2019-11-22,4068.5827000000004
2019-11-23,4067.1176
2019-11-24,3923.5378
2019-11-27,3952.8397999999997
2019-11-28,3908.8867999999998
2019-11-29,3885.4452
2019-11-30,3919.1424999999995
2019-12-01,3925.0029
2019-12-04,3932.3284
2019-12-05,3892.7707000000005
2019-12-06,3818.0506
2019-12-07,3725.7493
2019-12-08,3629.0527
2019-12-11,3639.3084
2019-12-14,3577.7742000000003
2019-12-15,3478.1474
2019-12-18,3426.8689
2019-12-19,3371.1951000000004
2019-12-20,3445.9152000000004
2019-12-21,3508.9145
2019-12-22,3529.4258999999997
2019-12-25,3422.4736000000003
2019-12-26,3366.7998
2019-12-27,3431.2642
2019-12-28,3561.6581
2019-12-29,3724.2842000000005
2020-01-01,3785.8184
2020-01-02,3844.4224
2020-01-05,3757.9814999999994
2020-01-08,3749.1909
2020-01-09,3675.9359
2020-01-10,3585.0997
2020-01-11,3523.5655
2020-01-12,3680.3312
2020-01-15,3860.5384999999997
2020-01-16,3888.3754
2020-01-17,3854.6781
2020-01-18,3989.4673
2020-01-19,3850.2828
2020-01-22,3980.6767000000004
2020-01-23,4178.465200000001
2020-01-24,4166.7444
2020-01-25,4156.4887
2020-01-26,4320.5799
2020-01-29,4483.205999999999
2020-01-30,4418.7416
2020-01-31,4395.299999999999
